1556636899.353529051, 0, 0, 0
1556636899.448532569, -0.0146083, -0.00828965, 0.0942756
1556636899.552695973, -0.0276174, -0.011921, 0.275559
1556636899.654456272, -0.0279192, -0.00590306, 0.522941
1556636899.761199522, -0.0105759, -0.00954287, 0.839491
1556636899.859201273, 0.018996, 0.0128009, 1.91415
1556636899.983914579, 0.0503911, 0.00882961, 2.35136
1556636900.071588555, 0.109955, 0.0145631, 3.29313
1556636900.146370978, 0.144257, 0.0218989, 3.77886
1556636900.247114505, 0.186776, 0.0512545, 4.54674
1556636900.353820776, 0.232093, 0.0587354, 5.03585
1556636900.479293717, 0.323508, 0.0769974, 5.79181
1556636900.590646298, 0.402129, 0.0893984, 6.34212
1556636900.695721819, 0.509726, 0.120489, 7.17937
1556636900.771121186, 0.587485, 0.147429, 7.76144
1556636900.871801035, 0.67573, 0.184772, 8.51646
1556636901.003790585, 0.758212, 0.226792, 9.12357
1556636901.082246478, 0.851587, 0.281146, 9.93095
1556636901.214432166, 0.947505, 0.33557, 10.5763
1556636901.319680619, 1.08569, 0.409005, 11.434
1556636901.422683514, 1.19553, 0.467903, 12.1323
1556636901.549509799, 1.32053, 0.551863, 12.9995
1556636901.605332530, 1.42913, 0.617794, 13.7215
1556636901.719610575, 1.54212, 0.702031, 14.5561
1556636901.812421171, 1.65064, 0.765692, 15.291
1556636901.913861888, 1.7911, 0.833484, 16.1121
1556636902.046351566, 1.92022, 0.902465, 16.8748
1556636902.120640123, 2.11763, 0.958847, 17.7593
1556636902.223074807, 2.26071, 1.01403, 18.5268
1556636902.324568417, 2.47624, 1.07612, 19.3804
1556636902.428014228, 2.63394, 1.12334, 20.1456
1556636902.537734465, 2.86466, 1.18437, 21.0141
1556636902.642559843, 3.03679, 1.2299, 21.7771
1556636902.767364005, 3.2973, 1.28014, 22.6978
1556636902.848703391, 3.49588, 1.32223, 23.4774
1556636902.976161347, 3.78901, 1.37533, 24.4715
1556636903.072967494, 4.02015, 1.41155, 25.3238
1556636903.166153717, 4.26188, 1.44447, 26.1696
1556636903.282665268, 4.57774, 1.47672, 27.2023
1556636903.369510637, 4.8818, 1.51935, 28.1647
1556636903.471598692, 5.14363, 1.55014, 29.0364
1556636903.598028150, 5.47217, 1.59538, 30.0108
1556636903.686676054, 5.7626, 1.62601, 30.9131
1556636903.810301066, 6.10062, 1.67037, 31.9349
1556636903.882147950, 6.40335, 1.70156, 32.8667
1556636904.017661015, 6.71428, 1.73725, 33.8392
1556636904.102645977, 7.04429, 1.78166, 34.9062
1556636904.205524902, 7.35388, 1.81958, 35.8927
1556636904.303289065, 7.67565, 1.85997, 36.9623
1556636904.406558055, 8.03354, 1.89814, 37.9969
1556636904.509893977, 8.35633, 1.93125, 38.9957
1556636904.615400908, 8.72146, 1.96982, 40.0078
1556636904.723825468, 9.04272, 1.99891, 40.9809
1556636904.828876783, 9.42983, 2.0414, 41.9925
1556636904.921540330, 9.77425, 2.06592, 42.9565
1556636905.030976060, 10.1266, 2.09045, 43.918
1556636905.160330359, 10.5618, 2.16666, 44.9334
1556636905.244781194, 10.951, 2.20054, 45.9016
1556636905.337933306, 11.4505, 2.20665, 46.94
1556636905.444416384, 11.8589, 2.22937, 47.893
1556636905.552408035, 12.3233, 2.27556, 48.8766
1556636905.656170502, 12.7547, 2.29884, 49.8236
1556636905.749206334, 13.1978, 2.37882, 50.8051
1556636905.859258811, 13.6333, 2.41499, 51.7427
1556636905.967834779, 14.0843, 2.43295, 52.7456
1556636906.071159411, 14.5475, 2.45731, 53.7453
1556636906.178866821, 14.9823, 2.47972, 54.6554
1556636906.283545794, 15.4202, 2.50272, 55.5581
1556636906.376041414, 15.9124, 2.54352, 56.5512
1556636906.475319991, 16.3596, 2.56954, 57.4484
1556636906.612378193, 16.8801, 2.61875, 58.5104
1556636906.695801485, 17.3504, 2.65522, 59.4305
1556636906.788368604, 17.9074, 2.69925, 60.4875
1556636906.904516510, 18.3928, 2.73391, 61.3963
1556636906.997427240, 18.9717, 2.77732, 62.3946
1556636907.125209573, 19.488, 2.80681, 63.3114
1556636907.237809349, 20.1015, 2.83799, 64.34
1556636907.313923568, 20.647, 2.87041, 65.2625
1556636907.416185018, 21.2709, 2.9107, 66.2818
1556636907.516663417, 21.8259, 2.93993, 67.1939
1556636907.624932452, 22.4523, 2.98654, 68.1628
1556636907.721355852, 23.0224, 3.01596, 69.0608
1556636907.832999434, 23.6892, 3.0755, 70.0261
1556636907.932834667, 24.2704, 3.10767, 70.9153
1556636908.037086716, 24.9676, 3.14443, 71.876
1556636908.135234698, 25.5624, 3.17592, 72.7496
1556636908.253650271, 26.2665, 3.22232, 73.7292
1556636908.356114026, 26.872, 3.25308, 74.5959
1556636908.448020651, 27.6042, 3.3156, 75.604
1556636908.564119083, 28.2262, 3.3531, 76.4549
1556636908.677120171, 28.9751, 3.394, 77.4856
1556636908.763418963, 29.6025, 3.42744, 78.3475
1556636908.869089002, 30.3878, 3.48073, 79.3716
1556636908.991914094, 31.0299, 3.51705, 80.2348
1556636909.074558693, 31.6774, 3.55332, 81.0936
1556636909.179547054, 32.4642, 3.608, 82.1154
1556636909.288577321, 33.2612, 3.66219, 83.139
1556636909.385209692, 33.9164, 3.69985, 83.9832
1556636909.494651753, 34.7512, 3.77137, 85.006
1556636909.591105061, 35.4186, 3.81641, 85.8413
1556636909.693523923, 36.0906, 3.86119, 86.6731
1556636909.819116861, 36.9816, 3.92566, 87.6702
1556636909.940898737, 37.668, 3.9663, 88.4778
1556636910.007355992, 38.3592, 4.00786, 89.2819
1556636910.108990619, 39.5363, 4.07179, 90.3418
1556636910.227967374, 40.2667, 4.11666, 91.1386
1556636910.320651074, 41.3027, 4.19008, 92.1466
1556636910.425931254, 42.0484, 4.23544, 92.9172
1556636910.535102943, 43.0744, 4.3, 93.8981
1556636910.638140569, 43.8313, 4.34154, 94.643
1556636910.735482906, 44.8866, 4.41432, 95.5477
1556636910.849018375, 45.668, 4.4603, 96.2673
1556636910.970066265, 46.7826, 4.54019, 97.2066
1556636911.051539246, 47.6045, 4.58773, 97.9117
1556636911.158928086, 48.737, 4.65097, 98.8617
1556636911.254363531, 49.5556, 4.69427, 99.5527
1556636911.362124963, 50.6851, 4.76533, 100.437
1556636911.457918550, 51.5136, 4.81021, 101.114
1556636911.593872347, 52.6793, 4.90241, 102.043
1556636911.689431537, 53.5351, 4.95642, 102.72
1556636911.770428134, 54.7017, 5.05476, 103.649
1556636911.880350398, 55.5619, 5.11207, 104.317
1556636911.981244315, 56.7205, 5.18209, 105.204
1556636912.081568456, 57.587, 5.23434, 105.865
1556636912.183105416, 58.7056, 5.29591, 106.738
1556636912.293152713, 59.5772, 5.34174, 107.393
1556636912.395043761, 60.6961, 5.40886, 108.264
1556636912.495426452, 61.5727, 5.45063, 108.92
1556636912.606682004, 62.6724, 5.51718, 109.764
1556636912.706872822, 63.5511, 5.55621, 110.419
1556636912.809831385, 64.6269, 5.61859, 111.243
1556636912.923594560, 65.4953, 5.65678, 111.891
1556636913.026308205, 66.5153, 5.72503, 112.655
1556636913.122850369, 67.3803, 5.76294, 113.293
1556636913.224827021, 68.3749, 5.84114, 114.032
1556636913.324522913, 69.2409, 5.88248, 114.668
1556636913.436774295, 70.2059, 5.9543, 115.393
1556636913.545325060, 71.0738, 5.9978, 116.03
1556636913.644766885, 72.0004, 6.06303, 116.774
1556636913.741485592, 72.846, 6.10256, 117.422
1556636913.859063381, 73.7039, 6.1504, 118.166
1556636913.961546931, 74.5174, 6.18772, 118.827
1556636914.060687716, 75.3579, 6.24084, 119.571
1556636914.157387185, 76.1466, 6.28034, 120.247
1556636914.266464021, 76.9829, 6.34088, 121.026
1556636914.368846975, 77.7524, 6.38306, 121.724
1556636914.471312827, 78.5676, 6.44853, 122.513
1556636914.569477819, 79.3178, 6.49364, 123.231
1556636914.680225029, 80.0994, 6.53569, 124.063
1556636914.786961663, 80.8207, 6.57765, 124.799
1556636914.882243122, 81.5458, 6.6159, 125.638
1556636914.987279082, 82.2449, 6.65492, 126.398
1556636915.088509224, 82.9353, 6.70977, 127.237
1556636915.198517370, 83.613, 6.75005, 128.016
1556636915.307232586, 84.2753, 6.80295, 128.846
1556636915.404108931, 84.9277, 6.84337, 129.634
1556636915.514184800, 85.5313, 6.86841, 130.432
1556636915.610701409, 86.1138, 6.91347, 131.22
1556636915.732608818, 86.722, 6.95037, 132.02
1556636915.826118649, 87.3211, 6.98657, 132.826
1556636915.936282934, 87.8479, 7.02766, 133.626
1556636916.040299683, 88.419, 7.06388, 134.432
1556636916.138973458, 88.9209, 7.08656, 135.217
1556636916.240078727, 89.4619, 7.11697, 136.02
1556636916.336275602, 89.9414, 7.14875, 136.782
1556636916.447062773, 90.4569, 7.17697, 137.579
1556636916.553991324, 90.9159, 7.19369, 138.338
1556636916.656365174, 91.4074, 7.21529, 139.117
1556636916.755241094, 91.8342, 7.23443, 139.86
1556636916.850938525, 92.301, 7.25252, 140.645
1556636916.980250275, 92.6891, 7.27494, 141.384
1556636917.073082287, 93.1216, 7.28744, 142.164
1556636917.170849551, 93.5424, 7.29927, 142.94
1556636917.286046511, 93.8762, 7.29769, 143.669
1556636917.377691202, 94.2544, 7.30439, 144.446
1556636917.483035946, 94.6249, 7.30849, 145.222
1556636917.591384417, 94.8718, 7.32597, 145.937
1556636917.693824057, 95.1997, 7.32911, 146.715
1556636917.785550157, 95.5148, 7.33004, 147.498
1556636917.919830325, 95.7794, 7.32946, 148.254
1556636918.005620363, 96.0779, 7.32717, 149.037
1556636918.106861779, 96.3704, 7.32368, 149.829
1556636918.210253225, 96.6081, 7.32867, 150.659
1556636918.313663693, 96.8723, 7.32125, 151.438
1556636918.433761726, 97.1183, 7.33466, 152.239
1556636918.509998109, 97.3726, 7.32681, 153.032
1556636918.643421756, 97.5965, 7.32073, 153.889
1556636918.742292022, 97.8234, 7.31618, 154.723
1556636918.829883955, 98.039, 7.30971, 155.561
1556636918.971642547, 98.2259, 7.31698, 156.488
1556636919.043074373, 98.4385, 7.30872, 157.338
1556636919.159015138, 98.6428, 7.29336, 158.194
1556636919.247262031, 98.8475, 7.27233, 159.037
1556636919.373343248, 99.0686, 7.25671, 160.007
1556636919.447088764, 99.2735, 7.23076, 160.88
1556636919.557446695, 99.4711, 7.20228, 161.754
1556636919.667173752, 99.6679, 7.16927, 162.628
1556636919.793480401, 99.8838, 7.14723, 163.724
1556636919.867735386, 100.052, 7.11501, 164.631
1556636919.975659452, 100.215, 7.08568, 165.537
1556636920.090155414, 100.364, 7.05744, 166.465
1556636920.179539833, 100.51, 7.06617, 167.671
1556636920.284716206, 100.636, 7.04382, 168.6
1556636920.386864051, 100.753, 7.02199, 169.531
1556636920.497137707, 100.856, 7.00066, 170.448
1556636920.633488080, 100.96, 6.99337, 171.707
1556636920.726672816, 101.028, 6.97462, 172.673
1556636920.813585400, 101.071, 6.95193, 173.644
1556636920.916483166, 101.107, 6.92621, 174.626
1556636921.045227321, 100.972, 6.82319, 176.137
1556636921.120148985, 100.939, 6.78278, 177.154
1556636921.224599143, 100.886, 6.73957, 178.169
1556636921.337564967, 100.818, 6.68821, 179.199
1556636921.457623944, 100.637, 6.61345, 180.843
1556636921.567490758, 100.491, 6.5591, 181.948
1556636921.645843252, 100.335, 6.50382, 183.049
1556636921.770728981, 100.16, 6.4394, 184.196
1556636921.842127638, 99.8442, 6.42458, 185.876
1556636921.951912853, 99.6179, 6.36784, 187.01
1556636922.061087546, 99.3622, 6.31093, 188.146
1556636922.192352756, 98.9651, 6.25948, 189.635
1556636922.297168373, 98.6542, 6.20519, 190.838
1556636922.383254734, 98.3144, 6.14946, 192.053
1556636922.464097879, 97.9514, 6.09666, 193.261
1556636922.582476985, 97.4701, 6.06321, 194.626
1556636922.681889216, 97.0801, 6.0247, 195.799
1556636922.800898373, 96.6559, 5.98687, 196.968
1556636922.917108859, 96.007, 5.99349, 198.352
1556636923.014745282, 95.5063, 5.97741, 199.554
1556636923.118116279, 94.9802, 5.96199, 200.77
1556636923.204154928, 94.4297, 5.94658, 201.971
1556636923.304512716, 93.6498, 5.9967, 203.394
1556636923.410594399, 93.0742, 5.99574, 204.566
1556636923.509541817, 92.4855, 5.99631, 205.729
1556636923.607443472, 91.8764, 5.99939, 206.882
1556636923.752318219, 91.067, 6.02835, 208.236
1556636923.828065665, 90.4173, 6.03491, 209.372
1556636923.950531132, 89.722, 6.04213, 210.518
1556636924.025745962, 89.0038, 6.05536, 211.652
1556636924.137568390, 87.9785, 6.08886, 213.092
1556636924.242658343, 87.2272, 6.11263, 214.191
1556636924.341181422, 86.4646, 6.1405, 215.284
1556636924.447467214, 85.6899, 6.17471, 216.357
1556636924.555434853, 84.5478, 6.29901, 217.71
1556636924.651541856, 83.7408, 6.34889, 218.753
1556636924.759423856, 82.9103, 6.40251, 219.785
1556636924.857014936, 82.0556, 6.45923, 220.796
1556636924.964658253, 80.5721, 6.57383, 222.005
1556636925.070758510, 79.6276, 6.64362, 222.946
1556636925.200294189, 78.6416, 6.72276, 223.862
1556636925.298041396, 77.609, 6.80764, 224.759
1556636925.408635360, 75.7756, 6.98049, 225.918
1556636925.476602198, 74.6532, 7.07771, 226.77
1556636925.577415226, 73.5112, 7.17742, 227.595
1556636925.692375681, 72.3604, 7.27949, 228.383
1556636925.827591997, 70.619, 7.48412, 229.428
1556636925.975648971, 69.4168, 7.59978, 230.157
1556636926.024169698, 68.1679, 7.72747, 230.873
1556636926.108576491, 66.9085, 7.85364, 231.557
1556636926.228067624, 65.1869, 8.09051, 232.463
1556636926.314890203, 63.8821, 8.23245, 233.124
1556636926.411786714, 62.5559, 8.37031, 233.764
1556636926.514721566, 61.2293, 8.5084, 234.38
1556636926.618421804, 59.5541, 8.70158, 235.123
1556636926.737459794, 58.235, 8.83874, 235.69
1556636926.829687450, 56.914, 8.97648, 236.232
1556636926.928173920, 55.5865, 9.11152, 236.754
1556636927.063989691, 54.1126, 9.31742, 237.214
1556636927.133777397, 52.7702, 9.45828, 237.657
1556636927.246063596, 51.4341, 9.59799, 238.056
1556636927.338157052, 50.0939, 9.7362, 238.424
1556636927.444421998, 48.596, 9.88563, 238.573
1556636927.555581991, 47.2585, 10.0206, 238.86
1556636927.661565740, 45.8958, 10.2023, 238.938
1556636927.753066950, 44.5602, 10.3419, 239.154
1556636927.860057767, 43.2241, 10.4843, 239.269
1556636927.969495523, 41.8837, 10.6233, 239.438
1556636928.074450272, 40.5623, 10.765, 239.577
1556636928.173852275, 39.2899, 10.9547, 239.624
1556636928.277635956, 38.088, 11.1363, 239.642
1556636928.386404662, 36.813, 11.3055, 239.705
1556636928.491306823, 35.5454, 11.4773, 239.74
1556636928.610073479, 34.3368, 11.6378, 239.684
1556636928.693360961, 33.0735, 11.8081, 239.67
1556636928.804191842, 31.8402, 11.9773, 239.552
1556636928.897661744, 30.5951, 12.1451, 239.482
1556636929.000066916, 29.4434, 12.3001, 239.317
1556636929.106036939, 28.2118, 12.4737, 239.199
1556636929.215181548, 27.087, 12.649, 239.05
1556636929.318531237, 25.8831, 12.8281, 238.89
1556636929.418024805, 24.7974, 12.9791, 238.668
1556636929.522152293, 23.619, 13.1511, 238.466
1556636929.646380668, 22.5587, 13.2757, 238.225
1556636929.724467676, 21.5167, 13.4073, 238.021
1556636929.833628480, 20.3855, 13.5639, 237.796
1556636929.945507662, 19.3843, 13.711, 237.586
1556636930.063331885, 18.2931, 13.8735, 237.35
1556636930.149932949, 17.3326, 14.0304, 237.159
1556636930.248727199, 16.2562, 14.203, 236.914
1556636930.352955969, 15.2632, 14.3284, 236.685
1556636930.462110105, 14.2002, 14.4804, 236.439
1556636930.567129552, 13.2379, 14.5806, 236.233
1556636930.665298930, 12.2032, 14.7168, 235.995
1556636930.769355059, 11.2848, 14.8482, 235.82
1556636930.867569380, 10.273, 14.9895, 235.598
1556636930.970942399, 9.33557, 15.1259, 235.442
1556636931.078320392, 8.34437, 15.2666, 235.242
1556636931.180724129, 7.336, 15.4106, 235.053
1556636931.288115379, 6.37232, 15.5529, 234.891
1556636931.383880924, 5.37225, 15.6972, 234.713
1556636931.490618264, 4.4008, 15.8181, 234.543
1556636931.591954396, 3.44844, 15.9468, 234.361
1556636931.698948993, 2.43583, 16.0875, 234.202
1556636931.819321795, 1.48099, 16.2204, 234.053
1556636931.902386308, 0.466837, 16.3598, 233.911
1556636932.009248642, -0.535249, 16.4985, 233.781
1556636932.110351994, -1.45768, 16.6016, 233.667
1556636932.210835123, -2.45996, 16.7361, 233.55
1556636932.324330978, -3.3577, 16.847, 233.467
1556636932.441606582, -4.34782, 16.9766, 233.375
1556636932.526199923, -5.23842, 17.0894, 233.292
1556636932.623501021, -6.22838, 17.2216, 233.214
1556636932.741178858, -7.14432, 17.3375, 233.143
1556636932.844279450, -8.13914, 17.4687, 233.076
1556636932.941311705, -9.06378, 17.5563, 233.002
1556636933.043086842, -10.0444, 17.6768, 232.946
1556636933.144794798, -10.938, 17.7773, 232.871
1556636933.281761495, -11.8102, 17.8799, 232.822
1556636933.352855251, -12.7763, 17.9998, 232.78
1556636933.454543615, -13.6788, 18.1218, 232.763
1556636933.571803429, -14.652, 18.2447, 232.744
1556636933.669227723, -15.5629, 18.365, 232.753
1556636933.777176848, -16.5266, 18.4871, 232.748
1556636933.873752746, -17.4297, 18.5822, 232.74
1556636933.976168637, -18.393, 18.701, 232.738
1556636934.098414084, -19.3286, 18.8116, 232.737
1556636934.209748474, -20.2992, 18.9317, 232.742
1556636934.285867046, -21.269, 19.0519, 232.751
1556636934.395448282, -22.2447, 19.1579, 232.745
1556636934.504479348, -23.2231, 19.2791, 232.741
1556636934.595686067, -24.1984, 19.3989, 232.749
1556636934.706519185, -25.1882, 19.4935, 232.75
1556636934.807763079, -26.1631, 19.6094, 232.767
1556636934.944365104, -27.1394, 19.7303, 232.797
1556636935.017128766, -28.1185, 19.8499, 232.824
1556636935.117505569, -29.1079, 19.9648, 232.862
1556636935.217970196, -30.0867, 20.0845, 232.902
1556636935.366010445, -31.103, 20.19, 232.97
1556636935.433798523, -32.0941, 20.312, 233.023
1556636935.535811855, -33.0855, 20.4329, 233.129
1556636935.642663821, -34.0889, 20.5558, 233.212
1556636935.739093292, -35.085, 20.6468, 233.337
1556636935.846075812, -36.0854, 20.764, 233.445
1556636935.999134541, -37.03, 20.871, 233.593
1556636936.081654482, -38.0221, 20.9855, 233.727
1556636936.152547145, -38.9654, 21.0826, 233.901
1556636936.269810151, -39.9443, 21.1939, 234.06
1556636936.394894608, -40.88, 21.2839, 234.239
1556636936.465178186, -41.8555, 21.3899, 234.415
1556636936.571544078, -42.8095, 21.4855, 234.586
1556636936.688160884, -43.7776, 21.5878, 234.772
1556636936.788394550, -44.699, 21.6845, 234.969
1556636936.879318191, -45.6546, 21.7843, 235.175
1556636936.989121661, -46.5869, 21.882, 235.404
1556636937.089654197, -47.5391, 21.9835, 235.627
1556636937.196616833, -48.457, 22.0622, 235.863
1556636937.297251643, -49.4008, 22.1574, 236.105
1556636937.437566949, -50.3164, 22.242, 236.361
1556636937.510333776, -51.2585, 22.3307, 236.627
1556636937.617809604, -52.1557, 22.4021, 236.904
1556636937.719957513, -53.0978, 22.4833, 237.195
1556636937.821873147, -53.9733, 22.5574, 237.457
1556636937.931513193, -54.903, 22.6337, 237.751
1556636938.036096681, -55.7425, 22.7107, 238.009
1556636938.127531236, -56.6658, 22.7861, 238.314
1556636938.264276239, -57.5182, 22.8656, 238.616
1556636938.344547262, -58.4417, 22.9418, 238.932
1556636938.440593553, -59.2961, 23.0061, 239.24
1556636938.541475193, -60.2159, 23.0772, 239.569
1556636938.658483998, -61.0545, 23.1356, 239.912
1556636938.775844220, -61.9878, 23.203, 240.257
1556636938.859767848, -62.9198, 23.27, 240.614
1556636938.967692560, -63.7713, 23.3198, 240.978
1556636939.100962121, -64.6191, 23.3675, 241.327
1556636939.169582349, -65.5458, 23.4236, 241.69
1556636939.266507279, -66.3774, 23.485, 242.03
1556636939.384512767, -67.3066, 23.5489, 242.39
1556636939.479437554, -68.1624, 23.5984, 242.714
1556636939.597435742, -69.0835, 23.6608, 243.075
1556636939.682799749, -69.9541, 23.703, 243.404
1556636939.800332746, -70.8695, 23.7599, 243.766
1556636939.902387382, -71.752, 23.7857, 244.117
1556636940.000492977, -72.6823, 23.835, 244.486
1556636940.096247359, -73.5849, 23.8794, 244.835
1556636940.211988517, -74.5221, 23.9267, 245.211
1556636940.346179669, -75.4433, 23.9661, 245.575
1556636940.415081416, -76.4113, 24.0201, 245.969
1556636940.515104293, -77.3351, 24.0591, 246.33
1556636940.623620405, -78.3143, 24.1085, 246.732
1556636940.750648523, -79.1834, 24.1405, 247.072
1556636940.839441934, -80.1494, 24.1813, 247.462
1556636940.935114664, -80.9943, 24.1923, 247.795
1556636941.054854311, -81.9447, 24.2263, 248.187
1556636941.149051797, -82.7956, 24.241, 248.533
1556636941.248566288, -83.7314, 24.2682, 248.924
1556636941.357017147, -84.5744, 24.2741, 249.282
1556636941.448657823, -85.5053, 24.2971, 249.677
1556636941.548589849, -86.367, 24.312, 250.063
1556636941.667130798, -87.2853, 24.3291, 250.47
1556636941.779861964, -88.1111, 24.3504, 250.87
1556636941.888270545, -89.0155, 24.3671, 251.288
1556636941.970605008, -89.911, 24.3797, 251.705
1556636942.071388994, -90.7402, 24.378, 252.128
1556636942.170751951, -91.5944, 24.3688, 252.56
1556636942.276714877, -92.4874, 24.3748, 253.013
1556636942.419654347, -93.3412, 24.3912, 253.489
1556636942.486782296, -94.2464, 24.4016, 253.985
1556636942.601346513, -95.1058, 24.4011, 254.486
1556636942.698976408, -96.0163, 24.4102, 255.02
1556636942.793551106, -96.847, 24.3887, 255.53
1556636942.899860978, -97.7478, 24.3877, 256.095
1556636943.006057057, -98.55, 24.3666, 256.603
1556636943.112841514, -99.4429, 24.3589, 257.188
1556636943.208222069, -100.244, 24.305, 257.713
1556636943.314195124, -101.129, 24.2827, 258.32
1556636943.457211848, -101.948, 24.2539, 258.881
1556636943.525963577, -102.825, 24.2268, 259.511
1556636943.628787215, -103.612, 24.1798, 260.099
1556636943.735959240, -104.459, 24.1475, 260.748
1556636943.830863297, -105.226, 24.107, 261.375
1556636943.942360219, -106.055, 24.0671, 262.046
1556636944.043109217, -106.844, 24.0194, 262.721
1556636944.156310481, -107.673, 23.9733, 263.428
1556636944.251068327, -108.46, 23.931, 264.144
1556636944.357494771, -109.273, 23.8818, 264.883
1556636944.488274676, -110.038, 23.8371, 265.606
1556636944.564395126, -110.844, 23.7873, 266.372
1556636944.690569457, -111.612, 23.7426, 267.124
1556636944.798281171, -112.422, 23.6928, 267.929
1556636944.880713397, -113.197, 23.6211, 268.708
1556636944.971191518, -113.999, 23.5625, 269.532
1556636945.088957808, -114.735, 23.5055, 270.272
1556636945.178938415, -115.518, 23.4434, 271.1
1556636945.278736767, -116.244, 23.3662, 271.85
1556636945.394665840, -117.011, 23.3012, 272.678
1556636945.518133992, -117.746, 23.2637, 273.417
1556636945.597235747, -118.512, 23.2069, 274.248
1556636945.734502930, -119.287, 23.1566, 275.037
1556636945.803190949, -120.057, 23.1075, 275.873
1556636945.923115178, -120.889, 23.0455, 276.687
1556636946.016764023, -121.698, 22.9955, 277.556
1556636946.137560086, -122.523, 22.9488, 278.381
1556636946.226306387, -123.332, 22.904, 279.257
1556636946.333834777, -124.106, 22.855, 280.024
1556636946.423373976, -124.918, 22.8093, 280.902
1556636946.540321700, -125.672, 22.7433, 281.683
1556636946.635662961, -126.462, 22.6918, 282.548
1556636946.739133207, -127.186, 22.6285, 283.347
1556636946.845953795, -127.952, 22.573, 284.224
1556636946.950058977, -128.658, 22.5089, 285.088
1556636947.057800309, -129.402, 22.4469, 285.992
1556636947.153063652, -130.082, 22.3883, 286.859
1556636947.259667469, -130.794, 22.3254, 287.773
1556636947.391008043, -131.441, 22.2539, 288.636
1556636947.461107884, -132.117, 22.1867, 289.555
1556636947.599749776, -132.735, 22.13, 290.441
1556636947.672151456, -133.379, 22.0614, 291.38
1556636947.773138433, -133.966, 21.996, 292.305
1556636947.890158809, -134.574, 21.9245, 293.254
1556636948.011622340, -135.126, 21.8623, 294.156
1556636948.087495160, -135.708, 21.7897, 295.107
1556636948.212884691, -136.259, 21.721, 296.027
1556636948.293681658, -136.83, 21.6467, 296.983
1556636948.400198245, -137.419, 21.5769, 297.906
1556636948.499377400, -137.987, 21.5024, 298.873
1556636948.609163127, -138.575, 21.4343, 299.805
1556636948.715192384, -139.131, 21.3623, 300.768
1556636948.809122210, -139.687, 21.3176, 301.684
1556636948.926004984, -140.236, 21.2609, 302.629
1556636949.019837691, -140.787, 21.195, 303.602
1556636949.120267826, -141.327, 21.1283, 304.581
1556636949.272149980, -141.833, 21.0473, 305.549
1556636949.331890867, -142.355, 20.9755, 306.531
1556636949.462685813, -142.853, 20.8952, 307.471
1556636949.559789224, -143.36, 20.8245, 308.455
1556636949.643852827, -143.862, 20.7823, 309.381
1556636949.755814518, -144.368, 20.716, 310.379
1556636949.855074689, -144.86, 20.6605, 311.289
1556636949.959762172, -145.358, 20.5975, 312.267
1556636950.053675778, -145.843, 20.5414, 313.086
1556636950.153735094, -146.374, 20.4803, 314.05
1556636950.289945007, -146.921, 20.4213, 314.842
1556636950.369935563, -147.481, 20.367, 315.755
1556636950.495012739, -147.98, 20.3145, 316.446
1556636950.599984754, -148.533, 20.2635, 317.301
1556636950.674110253, -149.089, 20.214, 318.155
1556636950.784878038, -149.551, 20.161, 318.856
1556636950.913511515, -149.998, 20.1014, 319.622
1556636951.003083578, -150.538, 20.0546, 320.48
1556636951.112480189, -150.929, 19.9842, 321.241
1556636951.222194457, -151.427, 19.9308, 322.104
1556636951.334040540, -151.816, 19.8638, 322.872
1556636951.411185241, -152.266, 19.8067, 323.759
1556636951.512859261, -152.61, 19.7416, 324.555
1556636951.612805689, -153.005, 19.6852, 325.461
1556636951.712898333, -153.298, 19.6402, 326.254
1556636951.823433580, -153.648, 19.5854, 327.178
1556636951.930516189, -153.898, 19.5164, 328.039
1556636952.037638640, -154.2, 19.4588, 328.995
1556636952.169894424, -154.388, 19.4103, 329.837
1556636952.238695096, -154.641, 19.3551, 330.815
1556636952.352955301, -154.78, 19.3179, 331.639
1556636952.472372092, -154.957, 19.2696, 332.599
1556636952.556033918, -155.001, 19.2214, 333.381
1556636952.655113068, -155.115, 19.1786, 334.346
1556636952.763550936, -155.15, 19.122, 335.188
1556636952.873766976, -155.216, 19.0757, 336.146
1556636952.964820158, -155.26, 18.997, 337.027
1556636953.086864524, -155.293, 18.9383, 337.963
1556636953.171510762, -155.383, 18.8521, 338.835
1556636953.271206749, -155.421, 18.7951, 339.772
1556636953.381491444, -155.492, 18.7337, 340.725
1556636953.506308445, -155.54, 18.684, 341.705
1556636953.605746273, -155.69, 18.6097, 342.801
1556636953.684319048, -155.773, 18.5607, 343.824
1556636953.821325565, -155.875, 18.5098, 344.863
1556636953.911209623, -155.975, 18.4588, 345.899
1556636954.032851968, -156.091, 18.4211, 346.949
1556636954.102787197, -156.193, 18.3772, 348.016
1556636954.249389551, -156.29, 18.3206, 349.077
1556636954.310044792, -156.39, 18.2729, 350.147
1556636954.420678923, -156.486, 18.2046, 351.215
1556636954.520505604, -156.587, 18.153, 352.286
1556636954.629683437, -156.68, 18.0953, 353.39
1556636954.756468907, -156.788, 18.0365, 354.498
1556636954.830334588, -156.901, 17.9733, 355.665
1556636954.932892301, -157.003, 17.9234, 356.777
1556636955.076794004, -157.122, 17.8844, 357.94
1556636955.142341083, -157.226, 17.8404, 359.11
1556636955.252502362, -157.317, 17.7986, 360.295
1556636955.357366799, -157.393, 17.7612, 361.485
1556636955.451728264, -157.438, 17.7304, 362.597
1556636955.558253751, -157.477, 17.7008, 363.783
1556636955.666677269, -157.474, 17.6621, 364.837
1556636955.761691205, -157.491, 17.6301, 366.043
1556636955.890745450, -157.508, 17.561, 367.072
1556636955.988201886, -157.501, 17.5253, 368.239
1556636956.070098007, -157.483, 17.4904, 369.403
1556636956.178938727, -157.457, 17.4537, 370.43
1556636956.279069263, -157.423, 17.4089, 371.488
1556636956.393999257, -157.375, 17.377, 372.641
1556636956.498417115, -157.339, 17.3317, 373.672
1556636956.597040688, -157.282, 17.3026, 374.819
1556636956.734004754, -157.237, 17.2637, 375.866
1556636956.840047998, -157.169, 17.2415, 377.018
1556636956.904875019, -157.115, 17.2271, 378.063
1556636957.021670002, -157.032, 17.2172, 379.216
1556636957.184162733, -156.96, 17.1568, 380.275
1556636957.242281833, -156.858, 17.1417, 381.429
1556636957.327004433, -156.776, 17.1035, 382.481
1556636957.433221121, -156.668, 17.0805, 383.642
1556636957.533223807, -156.586, 17.0218, 384.715
1556636957.633076611, -156.471, 16.9933, 385.899
1556636957.745426837, -156.419, 16.9309, 386.959
1556636957.835432495, -156.312, 16.8967, 388.131
1556636957.975827078, -156.269, 16.8513, 389.167
1556636958.046623968, -156.16, 16.8177, 390.344
1556636958.153637760, -156.095, 16.7789, 391.424
1556636958.252434795, -155.982, 16.7459, 392.614
1556636958.429878733, -155.905, 16.7024, 393.701
1556636958.490151479, -155.788, 16.6676, 394.902
1556636958.593315601, -155.672, 16.6307, 396.102
1556636958.677153111, -155.574, 16.5629, 397.147
1556636958.778428345, -155.491, 16.5061, 398.164
1556636958.882082793, -155.391, 16.4622, 399.334
1556636959.017204955, -155.316, 16.4096, 400.359
1556636959.086775411, -155.222, 16.3658, 401.534
1556636959.193118038, -155.138, 16.2942, 402.582
1556636959.298205852, -155.043, 16.2444, 403.753
1556636959.392371196, -154.951, 16.1717, 404.792
1556636959.510231587, -154.865, 16.1132, 405.97
1556636959.604675504, -154.78, 16.0362, 406.999
1556636959.718689308, -154.691, 15.9775, 408.15
1556636959.842841742, -154.615, 15.9056, 409.131
1556636959.938998112, -154.521, 15.8454, 410.275
1556636960.064489441, -154.457, 15.7642, 411.263
1556636960.129765028, -154.374, 15.7005, 412.366
1556636960.240877475, -154.326, 15.6197, 413.347
1556636960.330426281, -154.247, 15.5555, 414.45
1556636960.431231878, -154.184, 15.4807, 415.486
1556636960.547484649, -154.104, 15.414, 416.578
1556636960.641444064, -154.052, 15.3488, 417.574
1556636960.747316551, -153.978, 15.2817, 418.65
1556636960.898103186, -153.92, 15.2137, 419.618
1556636960.958998988, -153.845, 15.1444, 420.676
1556636961.060298741, -153.78, 15.0698, 421.662
1556636961.169995505, -153.704, 14.9976, 422.718
1556636961.270025178, -153.638, 14.9238, 423.691
1556636961.380565816, -153.558, 14.8523, 424.743
1556636961.476600333, -153.486, 14.7755, 425.697
1556636961.576618363, -153.399, 14.7019, 426.739
1556636961.675866842, -153.338, 14.6259, 427.674
1556636961.792485653, -153.247, 14.55, 428.704
1556636961.892633599, -153.176, 14.4793, 429.604
1556636962.001699966, -153.084, 14.402, 430.628
1556636962.107905784, -153.026, 14.3306, 431.537
1556636962.196746346, -152.933, 14.2504, 432.548
1556636962.337158915, -152.884, 14.1643, 433.452
1556636962.414064507, -152.795, 14.0776, 434.455
1556636962.522584342, -152.757, 13.98, 435.334
1556636962.629581454, -152.679, 13.8857, 436.304
1556636962.714621565, -152.617, 13.7949, 437.167
1556636962.831121414, -152.548, 13.705, 438.089
1556636962.954646133, -152.459, 13.6053, 439.065
1556636963.043763010, -152.367, 13.5017, 440.051
1556636963.134226658, -152.293, 13.4156, 440.944
1556636963.233983187, -152.203, 13.3133, 441.922
1556636963.368610175, -152.137, 13.2301, 442.777
1556636963.445448181, -152.049, 13.129, 443.762
1556636963.605600631, -152.002, 13.0506, 444.523
1556636963.655272086, -151.92, 12.9532, 445.457
1556636963.782275886, -151.854, 12.8696, 446.184
1556636963.880877277, -151.775, 12.7731, 447.082
1556636963.994864776, -151.727, 12.7038, 447.804
1556636964.070419788, -151.658, 12.6191, 448.662
1556636964.181579269, -151.615, 12.558, 449.396
1556636964.278438667, -151.554, 12.4776, 450.24
1556636964.417520647, -151.492, 12.4078, 450.977
1556636964.497530747, -151.433, 12.3287, 451.81
1556636964.592185176, -151.389, 12.2599, 452.544
1556636964.692747265, -151.333, 12.1819, 453.376
1556636964.799928726, -151.297, 12.1094, 454.124
1556636964.906660934, -151.246, 12.0311, 454.947
1556636965.009309891, -151.235, 11.9562, 455.68
1556636965.109359576, -151.204, 11.8721, 456.496
1556636965.216461851, -151.22, 11.7767, 457.251
1556636965.317561152, -151.211, 11.6892, 458.058
1556636965.423666762, -151.276, 11.6129, 458.809
1556636965.529893401, -151.289, 11.5186, 459.619
1556636965.624810887, -151.4, 11.4169, 460.381
1556636965.735455173, -151.454, 11.3188, 461.188
1556636965.836453190, -151.641, 11.2173, 461.941
1556636965.936072659, -151.739, 11.1177, 462.742
1556636966.073863229, -151.974, 11.0323, 463.47
1556636966.144668951, -152.119, 10.9356, 464.258
1556636966.244949800, -152.384, 10.844, 464.983
1556636966.354143583, -152.582, 10.7501, 465.767
1556636966.448179504, -152.906, 10.6584, 466.499
1556636966.566163930, -153.154, 10.5642, 467.266
1556636966.668739545, -153.495, 10.4734, 467.993
1556636966.775899226, -153.785, 10.3808, 468.765
1556636966.879488498, -154.163, 10.2773, 469.493
1556636967.003954895, -154.519, 10.1818, 470.252
1556636967.080163104, -154.933, 10.0781, 470.971
1556636967.181598928, -155.319, 9.98627, 471.713
1556636967.318850339, -155.723, 9.88861, 472.416
1556636967.399701395, -156.138, 9.79839, 473.141
1556636967.495780946, -156.565, 9.7031, 473.846
1556636967.604792315, -157.006, 9.61342, 474.556
1556636967.734044688, -157.477, 9.50157, 475.279
1556636967.804765303, -157.952, 9.40735, 475.987
1556636967.924288662, -158.46, 9.31092, 476.685
1556636968.015584837, -158.978, 9.21639, 477.375
1556636968.176158290, -159.487, 9.12184, 478.06
1556636968.229666339, -160.009, 9.0276, 478.736
1556636968.342305632, -160.577, 8.93219, 479.422
1556636968.449701756, -161.145, 8.8398, 480.11
1556636968.535473986, -161.744, 8.76932, 480.773
1556636968.642636200, -162.342, 8.68583, 481.447
1556636968.767731473, -162.946, 8.58081, 482.046
1556636968.848361874, -163.574, 8.49934, 482.694
1556636968.949408614, -164.21, 8.40274, 483.249
1556636969.051415453, -164.869, 8.31801, 483.86
1556636969.150474813, -165.546, 8.2286, 484.365
1556636969.261106079, -166.238, 8.14691, 484.933
1556636969.407480318, -166.954, 8.06138, 485.416
1556636969.478173806, -167.686, 7.9845, 485.944
1556636969.566071981, -168.42, 7.89511, 486.383
1556636969.669071532, -169.179, 7.81937, 486.869
1556636969.825498827, -169.893, 7.74405, 487.278
1556636969.889737067, -170.674, 7.66909, 487.724
1556636969.988055530, -171.398, 7.59007, 488.119
1556636970.095118682, -172.201, 7.51686, 488.533
1556636970.190957558, -172.961, 7.41571, 488.91
1556636970.299847692, -173.79, 7.33653, 489.299
1556636970.403355730, -174.563, 7.26315, 489.655
1556636970.521029731, -175.418, 7.18566, 490.02
1556636970.612438079, -176.219, 7.09242, 490.342
1556636970.710949965, -177.1, 7.00977, 490.679
1556636970.847009242, -177.906, 6.9186, 490.973
1556636970.919095001, -178.801, 6.83373, 491.273
1556636971.027227931, -179.622, 6.75366, 491.494
1556636971.134951548, -180.543, 6.67844, 491.746
1556636971.238302080, -181.408, 6.59904, 491.924
1556636971.330337202, -182.342, 6.52918, 492.13
1556636971.471698074, -183.191, 6.44471, 492.283
1556636971.544109793, -184.135, 6.37558, 492.436
1556636971.683018781, -185.022, 6.28406, 492.558
1556636971.752185072, -185.966, 6.21034, 492.665
1556636971.847846842, -186.87, 6.13018, 492.746
1556636971.958723217, -187.818, 6.06404, 492.801
1556636972.088349907, -188.764, 5.98794, 492.838
1556636972.189142654, -189.715, 5.92637, 492.844
1556636972.268444869, -190.697, 5.85238, 492.822
1556636972.370751604, -191.653, 5.79321, 492.777
1556636972.498113101, -192.679, 5.71614, 492.692
1556636972.579750795, -193.664, 5.65598, 492.596
1556636972.701905699, -194.712, 5.58263, 492.451
1556636972.788409697, -195.707, 5.52279, 492.304
1556636972.932196431, -196.709, 5.46703, 492.118
1556636973.005102505, -197.713, 5.40979, 491.921
1556636973.103703264, -198.716, 5.35218, 491.681
1556636973.215383648, -199.719, 5.29154, 491.432
1556636973.312338113, -200.719, 5.22365, 491.148
1556636973.407247540, -201.709, 5.16431, 490.852
1556636973.517693507, -202.686, 5.12059, 490.524
1556636973.644060770, -203.686, 5.06538, 490.164
1556636973.755131740, -204.704, 5.02049, 489.738
1556636973.838255979, -205.691, 4.97298, 489.326
1556636973.926094778, -206.663, 4.93032, 488.871
1556636974.037962847, -207.63, 4.88555, 488.415
1556636974.138076323, -208.595, 4.86273, 487.942
1556636974.249428863, -209.544, 4.82289, 487.445
1556636974.360556855, -210.505, 4.78312, 486.945
1556636974.473999418, -211.448, 4.74562, 486.418
1556636974.585557405, -212.436, 4.70999, 485.842
1556636974.678032662, -213.383, 4.679, 485.267
1556636974.760668449, -214.318, 4.66126, 484.644
1556636974.872642157, -215.24, 4.63461, 484.036
1556636974.969671925, -216.131, 4.62504, 483.382
1556636975.081028528, -217.025, 4.60173, 482.743
1556636975.204592124, -217.941, 4.5744, 482.015
1556636975.314045703, -218.855, 4.55237, 481.306
1556636975.396391590, -219.804, 4.54076, 480.558
1556636975.507344674, -220.739, 4.52384, 479.844
1556636975.597491046, -221.631, 4.50424, 479.14
1556636975.704113173, -222.574, 4.4838, 478.426
1556636975.789175147, -223.462, 4.45788, 477.723
1556636975.913068544, -224.4, 4.42875, 477.002
1556636976.023632559, -225.304, 4.39449, 476.277
1556636976.120846212, -226.259, 4.35599, 475.537
1556636976.206989316, -227.189, 4.31467, 474.803
1556636976.314496867, -228.155, 4.27256, 474.048
1556636976.416554870, -229.1, 4.25912, 473.3
1556636976.523699150, -230.089, 4.2245, 472.535
1556636976.625714433, -231.031, 4.19953, 471.779
1556636976.723701955, -232.046, 4.16867, 470.993
1556636976.825275591, -232.992, 4.12405, 470.208
1556636976.941335698, -234.024, 4.0959, 469.407
1556636977.032260404, -235.066, 4.06844, 468.601
1556636977.139882811, -236.002, 4.01342, 467.833
1556636977.250408916, -237.053, 3.98159, 467.011
1556636977.346937919, -237.974, 3.93271, 466.25
1556636977.463516678, -238.892, 3.87796, 465.492
1556636977.560939447, -239.95, 3.84567, 464.639
1556636977.656266495, -240.879, 3.79264, 463.892
1556636977.776390210, -241.928, 3.74174, 463.051
1556636977.861212641, -242.855, 3.67459, 462.327
1556636977.960643003, -243.903, 3.63116, 461.484
1556636978.071061677, -244.874, 3.59918, 460.733
1556636978.186404958, -245.946, 3.56801, 459.88
1556636978.287964944, -246.965, 3.525, 459.06
1556636978.377741249, -248.048, 3.4926, 458.205
1556636978.494286707, -249.05, 3.43954, 457.394
1556636978.600381693, -250.147, 3.40634, 456.526
1556636978.700912476, -251.164, 3.36269, 455.693
1556636978.806066110, -252.251, 3.32667, 454.819
1556636978.906635037, -253.268, 3.26673, 453.989
1556636979.012707344, -254.37, 3.22589, 453.122
1556636979.120066807, -255.425, 3.17702, 452.296
1556636979.237577269, -256.551, 3.13613, 451.428
1556636979.323735562, -257.685, 3.09023, 450.563
1556636979.423961423, -258.742, 3.03151, 449.682
1556636979.524031960, -259.877, 2.98429, 448.817
1556636979.623877037, -260.926, 2.93344, 447.923
1556636979.733551620, -262, 2.90043, 447.035
1556636979.861341803, -263.125, 2.85019, 446.139
1556636979.942537183, -264.217, 2.79962, 445.212
1556636980.048098172, -265.366, 2.7568, 444.27
1556636980.148929462, -266.463, 2.71745, 443.365
1556636980.254962409, -267.635, 2.67739, 442.41
1556636980.357339866, -268.709, 2.64124, 441.562
1556636980.456317691, -269.878, 2.59756, 440.612
1556636980.589476038, -270.905, 2.55065, 439.816
1556636980.677130455, -272.059, 2.50421, 438.873
1556636980.772996399, -273.09, 2.44985, 438.055
1556636980.873113371, -274.249, 2.40865, 437.121
1556636980.990414626, -275.305, 2.36086, 436.277
1556636981.087553094, -276.466, 2.32148, 435.358
1556636981.218801275, -277.518, 2.27295, 434.545
1556636981.302188255, -278.677, 2.21353, 433.616
1556636981.402706708, -279.747, 2.14656, 432.777
1556636981.498634160, -280.914, 2.0932, 431.876
1556636981.593205520, -281.965, 2.05877, 431.07
1556636981.708689510, -283.16, 2.01529, 430.173
1556636981.848563377, -284.208, 1.98857, 429.345
1556636981.915195182, -285.422, 1.94945, 428.447
1556636982.035207494, -286.378, 1.88379, 427.631
1556636982.131874978, -287.549, 1.83936, 426.75
1556636982.232309208, -288.525, 1.7976, 425.963
1556636982.328300516, -289.678, 1.75646, 425.077
1556636982.472491791, -290.671, 1.71706, 424.256
1556636982.533240014, -291.807, 1.68306, 423.377
1556636982.639687312, -292.841, 1.6353, 422.523
1556636982.763211332, -293.988, 1.59908, 421.617
1556636982.862116171, -294.958, 1.53592, 420.778
1556636982.964355299, -296.064, 1.5004, 419.874
1556636983.087707926, -297.017, 1.46331, 419.078
1556636983.171419771, -298.106, 1.42035, 418.177
1556636983.279865890, -299.075, 1.3767, 417.374
1556636983.377751360, -300.145, 1.3394, 416.475
1556636983.469215811, -301.094, 1.29337, 415.684
1556636983.574492492, -302.145, 1.25393, 414.797
1556636983.724729501, -303.083, 1.20745, 414.006
1556636983.797750817, -304.098, 1.16204, 413.139
1556636983.888223125, -304.984, 1.1266, 412.377
1556636984.014793232, -305.961, 1.0835, 411.535
1556636984.088464283, -306.814, 1.05952, 410.785
1556636984.214414581, -307.672, 1.0221, 410.07
1556636984.335824218, -308.608, 0.982851, 409.264
1556636984.424804562, -309.516, 0.944528, 408.477
1556636984.514908202, -310.321, 0.919542, 407.781
1556636984.610014399, -311.204, 0.884612, 407.017
1556636984.760400124, -311.976, 0.852372, 406.358
1556636984.827737560, -312.831, 0.815868, 405.63
1556636984.957991429, -313.602, 0.781147, 405.016
1556636985.026097688, -314.445, 0.745247, 404.321
1556636985.137479813, -315.241, 0.712656, 403.754
1556636985.233084285, -316.09, 0.675409, 403.103
1556636985.343542400, -316.92, 0.639673, 402.574
1556636985.433133355, -317.786, 0.600461, 401.964
1556636985.542260753, -318.64, 0.547427, 401.475
1556636985.653102836, -319.529, 0.509568, 400.898
1556636985.749593395, -320.386, 0.476567, 400.455
1556636985.855875187, -321.298, 0.439288, 399.917
1556636985.956557889, -322.189, 0.386124, 399.496
1556636986.056707580, -323.133, 0.342393, 399.002
1556636986.156081985, -324.051, 0.279652, 398.609
1556636986.266643023, -325.019, 0.22486, 398.156
1556636986.406785586, -325.936, 0.160231, 397.809
1556636986.473883869, -326.921, 0.0963011, 397.397
1556636986.575433008, -327.838, 0.0355438, 397.098
1556636986.676377866, -328.84, -0.0307036, 396.726
1556636986.828491018, -329.765, -0.105912, 396.453
1556636986.909041094, -330.784, -0.174672, 396.124
1556636986.996160021, -331.725, -0.23595, 395.903
1556636987.096441346, -332.768, -0.304637, 395.626
1556636987.196580357, -333.737, -0.370589, 395.464
1556636987.306483961, -334.795, -0.43626, 395.248
1556636987.407382707, -335.758, -0.511256, 395.151
1556636987.507903325, -336.827, -0.581832, 394.997
1556636987.624900658, -337.849, -0.652714, 394.958
1556636987.723221233, -338.923, -0.729734, 394.872
1556636987.835765802, -339.906, -0.849489, 394.892
1556636987.953344984, -340.979, -0.939584, 394.877
1556636988.064758720, -342.012, -1.04474, 394.947
1556636988.136168833, -343.085, -1.13624, 394.993
1556636988.236185195, -344.123, -1.23255, 395.12
1556636988.355757174, -345.198, -1.32445, 395.237
1556636988.448264444, -346.283, -1.43556, 395.42
1556636988.556562565, -347.365, -1.53796, 395.604
1556636988.653002890, -348.415, -1.65178, 395.796
1556636988.784537993, -349.474, -1.76232, 396.065
1556636988.901043599, -350.561, -1.88088, 396.35
1556636988.961786012, -351.639, -2.0031, 396.663
1556636989.070335267, -352.674, -2.11274, 397.015
1556636989.191224393, -353.748, -2.24022, 397.38
1556636989.282610083, -354.806, -2.37911, 397.767
1556636989.405950613, -355.86, -2.52099, 398.183
1556636989.481286649, -356.883, -2.65047, 398.628
1556636989.593589390, -357.922, -2.79597, 399.101
1556636989.695094299, -358.955, -2.94759, 399.602
1556636989.795552154, -360.002, -3.10015, 400.12
1556636989.896180513, -361.018, -3.24309, 400.643
1556636989.995465983, -362.048, -3.39551, 401.188
1556636990.105757153, -363.05, -3.54652, 401.726
1556636990.221758528, -364.064, -3.7002, 402.29
1556636990.307075825, -365.079, -3.84752, 402.837
1556636990.415798770, -366.078, -3.99414, 403.42
1556636990.536377459, -367.099, -4.12903, 404.023
1556636990.615888313, -368.114, -4.27473, 404.637
1556636990.732114157, -369.137, -4.42329, 405.241
1556636990.831207051, -370.16, -4.57036, 405.859
1556636990.930751359, -371.132, -4.72633, 406.427
1556636991.037906986, -372.161, -4.87723, 407.049
1556636991.141686621, -373.129, -5.02022, 407.62
1556636991.241567023, -374.158, -5.17339, 408.245
1556636991.348775841, -375.109, -5.3214, 408.84
1556636991.455593032, -376.16, -5.46553, 409.479
1556636991.580102174, -377.101, -5.59613, 410.055
1556636991.689964771, -378.154, -5.73499, 410.693
1556636991.789136374, -378.997, -5.88248, 411.229
1556636991.878568035, -380.013, -6.02414, 411.844
1556636991.998312574, -380.817, -6.17073, 412.341
1556636992.098063401, -381.799, -6.31664, 412.912
1556636992.239778064, -382.592, -6.44121, 413.355
1556636992.306254158, -383.525, -6.57381, 413.882
1556636992.390873541, -384.333, -6.68802, 414.33
1556636992.518201053, -385.256, -6.80557, 414.809
1556636992.624793637, -386.078, -6.90927, 415.174
1556636992.704321100, -387.007, -7.01862, 415.619
1556636992.841761486, -387.81, -7.12018, 415.966
1556636992.938987957, -388.688, -7.217, 416.361
1556636993.040765202, -389.411, -7.30746, 416.637
1556636993.129278526, -390.255, -7.38509, 416.97
1556636993.252638811, -390.991, -7.45293, 417.247
1556636993.337247647, -391.795, -7.51402, 417.555
1556636993.438475922, -392.519, -7.54661, 417.816
1556636993.539234205, -393.325, -7.58412, 418.094
1556636993.667807024, -394.054, -7.61937, 418.285
1556636993.752280100, -394.833, -7.65539, 418.507
1556636993.862025898, -395.517, -7.68649, 418.626
1556636993.955910352, -396.287, -7.72608, 418.786
1556636994.074392487, -396.988, -7.75908, 418.829
1556636994.171959577, -397.736, -7.79642, 418.907
1556636994.300834226, -398.438, -7.81974, 418.871
1556636994.373546004, -399.186, -7.83693, 418.884
1556636994.474021570, -399.917, -7.8233, 418.825
1556636994.580847753, -400.661, -7.82282, 418.782
1556636994.674966410, -401.4, -7.83413, 418.675
1556636994.793986215, -402.137, -7.83059, 418.573
1556636994.932065317, -402.866, -7.84611, 418.399
1556636994.999495008, -403.577, -7.84743, 418.23
1556636995.102117281, -404.263, -7.86167, 417.991
1556636995.210383269, -404.945, -7.86552, 417.762
1556636995.340191350, -405.634, -7.84983, 417.451
1556636995.417741453, -406.294, -7.84572, 417.157
1556636995.559596114, -407.008, -7.83292, 416.793
1556636995.609456890, -407.673, -7.82035, 416.446
1556636995.727674450, -408.359, -7.79286, 416.069
1556636995.816846963, -409.017, -7.78126, 415.676
1556636995.928452374, -409.673, -7.78262, 415.327
1556636996.027921128, -410.314, -7.77241, 414.906
1556636996.134749788, -410.95, -7.75868, 414.535
1556636996.234830332, -411.585, -7.74967, 414.091
1556636996.334098279, -412.205, -7.74262, 413.692
1556636996.450276609, -412.82, -7.73638, 413.238
1556636996.544198421, -413.402, -7.71977, 412.817
1556636996.660719019, -414.001, -7.70152, 412.365
1556636996.784483079, -414.593, -7.69107, 411.883
1556636996.860980644, -415.164, -7.68007, 411.402
1556636996.965806917, -415.667, -7.64629, 410.885
1556636997.065069518, -416.208, -7.63018, 410.37
1556636997.204637780, -416.693, -7.61267, 409.79
1556636997.282750410, -417.192, -7.59259, 409.244
1556636997.377024608, -417.677, -7.57158, 408.685
1556636997.484035075, -418.05, -7.56275, 408.007
1556636997.617379651, -418.394, -7.52046, 407.328
1556636997.695342969, -418.785, -7.49954, 406.721
1556636997.797186406, -419.076, -7.47226, 406.029
1556636997.897055662, -419.403, -7.44602, 405.399
1556636998.013810207, -419.625, -7.4176, 404.697
1556636998.110834603, -419.89, -7.39441, 404.052
1556636998.211749495, -420.043, -7.36786, 403.375
1556636998.310588251, -420.25, -7.34455, 402.72
1556636998.450980470, -420.387, -7.31294, 402.039
1556636998.521250260, -420.549, -7.28445, 401.372
1556636998.622193022, -420.664, -7.24279, 400.674
1556636998.731638576, -420.785, -7.21317, 399.999
1556636998.832131108, -420.88, -7.19428, 399.29
1556636998.932254022, -420.962, -7.16653, 398.61
1556636999.041523094, -421.006, -7.14298, 397.898
1556636999.141567856, -421.047, -7.11789, 397.215
1556636999.272581923, -421.043, -7.09402, 396.495
1556636999.359286966, -421.033, -7.07354, 395.81
1556636999.454069893, -420.979, -7.03375, 395.097
1556636999.554987458, -420.923, -7.00876, 394.414
1556636999.703226583, -420.826, -6.98675, 393.687
1556636999.771382317, -420.729, -6.96256, 392.991
1556636999.874093562, -420.597, -6.93952, 392.244
1556636999.974634593, -420.456, -6.92134, 391.561
1556637000.083650724, -420.258, -6.9028, 390.853
1556637000.211872449, -420.055, -6.87959, 390.163
1556637000.301860897, -419.772, -6.86101, 389.398
1556637000.420691300, -419.509, -6.83655, 388.687
1556637000.516977839, -419.2, -6.81138, 387.916
1556637000.622910844, -418.908, -6.78634, 387.209
1556637000.705834759, -418.598, -6.75976, 386.487
1556637000.815766343, -418.288, -6.73526, 385.786
1556637000.934736143, -417.949, -6.7054, 385.012
1556637001.016002878, -417.618, -6.67996, 384.297
1556637001.117000557, -417.271, -6.65241, 383.588
1556637001.217588581, -416.885, -6.61797, 382.84
1556637001.353481544, -416.461, -6.58955, 382.032
1556637001.423355992, -416.068, -6.56324, 381.294
1556637001.534566628, -415.626, -6.54667, 380.481
1556637001.634895271, -415.227, -6.52451, 379.748
1556637001.765108361, -414.804, -6.49055, 378.921
1556637001.845987085, -414.389, -6.47076, 378.163
1556637001.946279456, -413.971, -6.44973, 377.406
1556637002.075949493, -413.532, -6.39261, 376.557
1556637002.176105339, -413.081, -6.36845, 375.685
1556637002.256539130, -412.659, -6.34168, 374.9
1556637002.356034107, -412.217, -6.31029, 374.064
1556637002.467109029, -411.797, -6.28665, 373.279
1556637002.566651319, -411.345, -6.2471, 372.422
1556637002.665593449, -410.92, -6.22024, 371.633
1556637002.803454492, -410.407, -6.19078, 370.687
1556637002.908325364, -409.936, -6.16422, 369.818
1556637002.982273489, -409.463, -6.13771, 368.95
1556637003.081740676, -408.922, -6.10801, 367.966
1556637003.227418517, -408.428, -6.07497, 367.091
1556637003.307643936, -407.949, -6.04529, 366.219
1556637003.402306982, -407.457, -6.00617, 365.329
1556637003.505229911, -406.984, -5.97403, 364.464
1556637003.622749520, -406.486, -5.9412, 363.561
1556637003.705105717, -406, -5.91915, 362.692
1556637003.815726458, -405.488, -5.90156, 361.798
1556637003.912593488, -405.005, -5.87439, 360.938
1556637004.012425238, -404.485, -5.83099, 360.043
1556637004.122812608, -404, -5.80343, 359.184
1556637004.222291708, -403.476, -5.78228, 358.256
1556637004.322463037, -402.992, -5.75746, 357.396
1556637004.454448013, -402.477, -5.71311, 356.436
1556637004.530624358, -401.989, -5.68159, 355.544
1556637004.658856153, -401.497, -5.6356, 354.591
1556637004.752608048, -401.011, -5.58606, 353.646
1556637004.858111866, -400.55, -5.52867, 352.691
1556637004.955985981, -400.08, -5.47293, 351.739
1556637005.055860169, -399.628, -5.42558, 350.862
1556637005.155814303, -399.171, -5.36586, 349.905
1556637005.272801187, -398.763, -5.34453, 349.023
1556637005.371608428, -398.324, -5.2928, 348.067
1556637005.485185178, -397.927, -5.27186, 347.176
1556637005.593501693, -397.512, -5.22416, 346.213
1556637005.679939102, -397.11, -5.18127, 345.249
1556637005.789007024, -396.762, -5.13818, 344.332
1556637005.906573491, -396.468, -5.09484, 343.434
1556637005.996034127, -396.113, -5.04466, 342.455
1556637006.097765068, -395.811, -5.01128, 341.519
1556637006.204110164, -395.485, -4.96038, 340.539
1556637006.298524027, -395.236, -4.93341, 339.625
1556637006.426765842, -394.945, -4.88669, 338.639
1556637006.516027022, -394.711, -4.84401, 337.71
1556637006.620915561, -394.45, -4.80057, 336.728
1556637006.714992423, -394.256, -4.77677, 335.778
1556637006.814324288, -394.025, -4.74073, 334.795
1556637006.930211209, -393.827, -4.69943, 333.82
1556637007.028867316, -393.625, -4.66557, 332.822
1556637007.128918575, -393.455, -4.62991, 331.852
1556637007.235981718, -393.282, -4.59568, 330.837
1556637007.346853035, -393.103, -4.57105, 329.852
1556637007.454181172, -392.944, -4.54108, 328.821
1556637007.585359959, -392.786, -4.50202, 327.838
1556637007.652351347, -392.649, -4.47276, 326.788
1556637007.764472063, -392.543, -4.42731, 325.803
1556637007.853774887, -392.436, -4.39074, 324.729
1556637007.979347088, -392.334, -4.34812, 323.772
1556637008.076417080, -392.254, -4.30753, 322.698
1556637008.171794417, -392.175, -4.27568, 321.775
1556637008.288373043, -392.111, -4.23323, 320.71
1556637008.389602677, -392.068, -4.19116, 319.797
1556637008.490688044, -392.029, -4.14713, 318.746
1556637008.618508389, -392.004, -4.11231, 317.826
1556637008.714396260, -391.984, -4.0721, 316.793
1556637008.805731391, -391.975, -4.03303, 315.772
1556637008.902951756, -391.957, -4.01736, 314.869
1556637008.998814370, -391.941, -3.97881, 313.949
1556637009.108168841, -391.952, -3.94527, 312.94
1556637009.216182311, -391.943, -3.91804, 311.982
1556637009.325558287, -391.959, -3.88733, 310.981
1556637009.422011872, -391.964, -3.86252, 310.029
1556637009.526392632, -391.995, -3.83581, 309.029
1556637009.622728666, -392.029, -3.80847, 308.078
1556637009.724380702, -392.074, -3.78475, 307.081
1556637009.860746167, -392.112, -3.74001, 306.177
1556637009.969760455, -392.161, -3.71074, 305.223
1556637010.034895008, -392.221, -3.67889, 304.269
1556637010.172517841, -392.268, -3.62402, 303.445
1556637010.276256512, -392.305, -3.59232, 302.648
1556637010.376579415, -392.378, -3.54729, 301.743
1556637010.456253054, -392.458, -3.49778, 300.839
1556637010.586340673, -392.535, -3.44881, 300.122
1556637010.682530734, -392.618, -3.38051, 299.494
1556637010.783308372, -392.701, -3.31645, 298.713
1556637010.875494027, -392.779, -3.25971, 298.074
1556637010.989896435, -392.851, -3.19072, 297.335
1556637011.083197322, -392.914, -3.11542, 296.723
1556637011.190803945, -392.976, -3.04187, 296.009
1556637011.293424291, -393.047, -2.97931, 295.397
1556637011.400308529, -393.103, -2.89808, 294.701
1556637011.504675237, -393.154, -2.81912, 294.018
1556637011.603588800, -393.202, -2.77796, 293.399
1556637011.710349171, -393.244, -2.71108, 292.724
1556637011.819703327, -393.27, -2.63309, 292.113
1556637011.923650445, -393.299, -2.57256, 291.444
1556637012.023796006, -393.295, -2.52821, 290.829
1556637012.129998648, -393.297, -2.47147, 290.171
1556637012.226030397, -393.196, -2.42431, 289.556
1556637012.342756783, -393.147, -2.38216, 288.912
1556637012.447623873, -392.954, -2.32983, 288.332
1556637012.547567023, -392.846, -2.29192, 287.709
1556637012.651407281, -392.723, -2.25611, 287.096
1556637012.758001692, -392.46, -2.23197, 286.552
1556637012.867646728, -392.282, -2.20475, 285.966
1556637012.956215713, -392.081, -2.17983, 285.387
1556637013.085097432, -391.655, -2.14066, 284.868
1556637013.163934217, -391.362, -2.11424, 284.308
1556637013.292157023, -390.891, -2.12803, 283.732
1556637013.380113724, -390.534, -2.11905, 283.188
1556637013.507707507, -390.084, -2.09512, 282.657
1556637013.575844042, -389.657, -2.0889, 282.152
1556637013.681782737, -389.164, -2.09406, 281.675
1556637013.812820278, -388.63, -2.08476, 281.218
1556637013.915059878, -388.128, -2.07577, 280.773
1556637013.999378271, -387.613, -2.07038, 280.35
1556637014.128528820, -387.006, -2.06761, 279.914
1556637014.219884053, -386.439, -2.06727, 279.501
1556637014.325256939, -385.819, -2.06589, 279.033
1556637014.412258912, -385.225, -2.05817, 278.626
1556637014.518276636, -384.575, -2.05307, 278.187
1556637014.616948549, -383.966, -2.04591, 277.8
1556637014.722415555, -383.328, -2.03018, 277.375
1556637014.849230219, -382.673, -2.02665, 276.981
1556637014.923672212, -382.012, -2.02279, 276.598
1556637015.061183842, -381.243, -2.02005, 276.092
1556637015.159109767, -380.501, -2.01638, 275.666
1556637015.233578427, -379.757, -2.01283, 275.241
1556637015.361239128, -378.828, -2.00834, 274.59
1556637015.457446613, -378.066, -2.00237, 274.113
1556637015.564450072, -377.287, -1.98787, 273.561
1556637015.670822241, -376.512, -1.97741, 273.042
1556637015.776410637, -375.712, -1.97148, 272.513
1556637015.853264706, -374.917, -1.968, 272.004
1556637015.963736374, -374.12, -1.96196, 271.474
1556637016.067854353, -373.346, -1.95286, 270.972
1556637016.173072624, -372.554, -1.94711, 270.441
1556637016.299633949, -371.684, -1.93116, 269.886
1556637016.398268867, -370.837, -1.92293, 269.325
1556637016.474082297, -369.957, -1.91355, 268.749
1556637016.606818083, -369.096, -1.89031, 268.17
1556637016.734621449, -368.228, -1.87092, 267.587
1556637016.800725995, -367.361, -1.84951, 267.003
1556637016.896512077, -366.512, -1.82157, 266.427
1556637017.018545142, -365.637, -1.79378, 265.831
1556637017.103602412, -364.776, -1.77466, 265.223
1556637017.228974630, -363.912, -1.74681, 264.627
1556637017.335494027, -363.062, -1.72593, 264.023
1556637017.484110971, -362.19, -1.70165, 263.404
1556637017.526938068, -361.3, -1.68465, 262.76
1556637017.617852213, -360.426, -1.66745, 262.127
1556637017.726693672, -359.554, -1.64809, 261.497
1556637017.862990857, -358.683, -1.63264, 260.857
1556637017.933809950, -357.846, -1.60787, 260.205
1556637018.039877785, -356.99, -1.58478, 259.546
1556637018.142585698, -356.174, -1.54913, 258.864
1556637018.249566859, -355.345, -1.51814, 258.167
1556637018.372016258, -354.582, -1.47708, 257.447
1556637018.461393126, -353.789, -1.43972, 256.728
1556637018.582256272, -353.044, -1.41004, 255.975
1556637018.659516105, -352.273, -1.37744, 255.217
1556637018.782670922, -351.514, -1.34152, 254.454
1556637018.884451832, -350.754, -1.30642, 253.66
1556637018.962295580, -350, -1.28491, 252.863
1556637019.079144923, -349.267, -1.25605, 252.053
1556637019.180982443, -348.542, -1.21658, 251.277
1556637019.270799748, -347.825, -1.1804, 250.441
1556637019.406613266, -347.105, -1.13851, 249.596
1556637019.492070229, -346.378, -1.09041, 248.717
1556637019.592541046, -345.669, -1.0426, 247.901
1556637019.698036162, -344.958, -0.991657, 247.019
1556637019.791240199, -344.297, -0.95825, 246.213
1556637019.898078842, -343.585, -0.908732, 245.305
1556637020.020968421, -342.906, -0.886233, 244.444
1556637020.101723654, -342.206, -0.839068, 243.526
1556637020.201998686, -341.537, -0.819389, 242.683
1556637020.306692195, -340.843, -0.775678, 241.755
1556637020.418790679, -340.152, -0.743797, 240.892
1556637020.525721274, -339.446, -0.695467, 239.951
1556637020.651602009, -338.731, -0.663374, 239.022
1556637020.734667355, -337.981, -0.617228, 238.035
1556637020.835003687, -337.27, -0.581126, 237.107
1556637020.945347158, -336.522, -0.520647, 236.12
1556637021.045070385, -335.877, -0.474455, 235.29
1556637021.150261752, -335.144, -0.413825, 234.32
1556637021.252848828, -334.53, -0.393793, 233.449
1556637021.366752474, -333.805, -0.345257, 232.464
1556637021.450795343, -333.113, -0.356324, 231.527
1556637021.567316892, -332.388, -0.320661, 230.549
1556637021.685314272, -331.675, -0.310709, 229.631
1556637021.793816279, -330.928, -0.283806, 228.631
1556637021.882095111, -330.169, -0.244041, 227.651
1556637021.978029515, -329.402, -0.211027, 226.627
1556637022.089502265, -328.679, -0.16913, 225.639
1556637022.199181362, -327.892, -0.131864, 224.608
1556637022.294767345, -327.096, -0.0889325, 223.577
1556637022.394846775, -326.383, -0.0519232, 222.624
1556637022.500546364, -325.648, -0.0373952, 221.69
1556637022.600003888, -324.842, -0.00750951, 220.679
1556637022.699194418, -324.088, 0.0249475, 219.755
1556637022.808753534, -323.267, 0.0602972, 218.757
1556637022.919772268, -322.465, 0.0929806, 217.826
1556637023.055212257, -321.614, 0.125302, 216.835
1556637023.119174267, -320.758, 0.127795, 215.923
1556637023.224579323, -319.894, 0.157829, 214.956
1556637023.339448555, -319.034, 0.200244, 214.039
1556637023.449861115, -318.142, 0.225415, 213.066
1556637023.539583208, -317.263, 0.251522, 212.141
1556637023.646067066, -316.361, 0.261941, 211.188
1556637023.759548104, -315.457, 0.269222, 210.27
1556637023.838656022, -314.534, 0.280086, 209.327
1556637023.980866322, -313.626, 0.315766, 208.382
1556637024.072082995, -312.695, 0.339796, 207.408
1556637024.162721351, -311.808, 0.389047, 206.452
1556637024.279745847, -310.862, 0.417917, 205.445
1556637024.372003361, -309.951, 0.422109, 204.51
1556637024.484167580, -308.994, 0.444078, 203.504
1556637024.579610769, -308.087, 0.439659, 202.624
1556637024.677268190, -307.128, 0.448343, 201.624
1556637024.790649561, -306.232, 0.45942, 200.737
1556637024.880640424, -305.283, 0.468823, 199.741
1556637024.979937867, -304.377, 0.485633, 198.83
1556637025.096928363, -303.417, 0.500398, 197.829
1556637025.191712762, -302.491, 0.513944, 196.906
1556637025.301203483, -301.527, 0.524032, 195.907
1556637025.411499753, -300.58, 0.534804, 195
1556637025.518064491, -299.608, 0.54559, 193.997
1556637025.620364628, -298.648, 0.57312, 193.071
1556637025.716815255, -297.659, 0.586029, 192.067
1556637025.818474543, -296.702, 0.596763, 191.113
1556637025.926372187, -295.721, 0.604885, 190.129
1556637026.022330571, -294.777, 0.610675, 189.189
1556637026.139100968, -293.799, 0.619723, 188.207
1556637026.234940747, -292.849, 0.627386, 187.243
1556637026.342243605, -291.882, 0.63759, 186.271
1556637026.437289379, -290.921, 0.637671, 185.285
1556637026.537468537, -289.955, 0.646267, 184.313
1556637026.655640237, -288.963, 0.660404, 183.306
1556637026.746398961, -288.004, 0.668445, 182.336
1556637026.856039236, -287.005, 0.685329, 181.322
1556637026.956429063, -286.046, 0.694926, 180.354
1556637027.057183354, -285.087, 0.704152, 179.385
1556637027.167550110, -284.062, 0.716139, 178.346
1556637027.274657781, -283.02, 0.723302, 177.292
1556637027.375492311, -282.066, 0.731224, 176.331
1556637027.475789777, -281.115, 0.738565, 175.372
1556637027.577059374, -280.068, 0.755112, 174.323
1556637027.686892643, -279.116, 0.764247, 173.367
1556637027.795305482, -278.053, 0.786508, 172.301
1556637027.919531674, -276.938, 0.791861, 171.184
1556637027.997536914, -275.95, 0.793026, 170.204
1556637028.093617987, -274.836, 0.796692, 169.107
1556637028.204021094, -273.841, 0.79217, 168.133
1556637028.320358546, -272.757, 0.825372, 167.081
1556637028.411081611, -271.752, 0.826563, 166.111
1556637028.542494387, -270.62, 0.855059, 165.03
1556637028.645857609, -269.555, 0.863775, 164.013
1556637028.721270732, -268.425, 0.874265, 162.91
1556637028.838535124, -267.346, 0.876456, 161.878
1556637028.931545957, -266.264, 0.888772, 160.859
1556637029.040533708, -265.167, 0.896112, 159.816
1556637029.142764031, -264.112, 0.893636, 158.805
1556637029.234454019, -263.014, 0.899574, 157.754
1556637029.343678088, -261.994, 0.902648, 156.762
1556637029.451479832, -260.906, 0.909408, 155.714
1556637029.548110853, -259.92, 0.905276, 154.728
1556637029.656097460, -258.845, 0.909309, 153.687
1556637029.759141333, -257.853, 0.901139, 152.699
1556637029.868521774, -256.782, 0.897674, 151.662
1556637029.971320915, -255.778, 0.882024, 150.684
1556637030.078720460, -254.725, 0.882637, 149.652
1556637030.180218858, -253.726, 0.89326, 148.627
1556637030.291471806, -252.687, 0.90024, 147.581
1556637030.380138314, -251.7, 0.921009, 146.545
1556637030.482236803, -250.671, 0.929127, 145.497
1556637030.619578824, -249.639, 0.920914, 144.471
1556637030.718073967, -248.586, 0.921049, 143.401
1556637030.799484683, -247.561, 0.918598, 142.351
1556637030.899368989, -246.528, 0.917469, 141.274
1556637031.005536152, -245.535, 0.919366, 140.252
1556637031.119727258, -244.503, 0.91861, 139.163
1556637031.211035734, -243.52, 0.930085, 138.137
1556637031.311556698, -242.505, 0.935537, 137.029
1556637031.417397042, -241.561, 0.953223, 135.973
1556637031.516807341, -240.562, 0.962225, 134.843
1556637031.617278366, -239.645, 0.972763, 133.786
1556637031.733330463, -238.669, 0.980725, 132.648
1556637031.833245424, -237.783, 0.972899, 131.601
1556637031.937764977, -236.83, 0.980651, 130.464
1556637032.045913278, -235.924, 0.989994, 129.396
1556637032.140961193, -234.981, 0.999366, 128.255
1556637032.242450458, -234.069, 1.02027, 127.17
1556637032.357052293, -233.131, 1.03385, 126.017
1556637032.463949288, -232.226, 1.02297, 124.913
1556637032.568883530, -231.297, 1.03723, 123.747
1556637032.660410256, -230.392, 1.06222, 122.636
1556637032.765817388, -229.452, 1.07902, 121.436
1556637032.870328652, -228.566, 1.09922, 120.331
1556637032.970026873, -227.633, 1.11992, 119.125
1556637033.076819600, -226.769, 1.11905, 118.05
1556637033.184029382, -225.854, 1.13408, 116.866
1556637033.285048964, -224.989, 1.13144, 115.79
1556637033.391292797, -224.07, 1.13971, 114.598
1556637033.492040273, -223.216, 1.14447, 113.517
1556637033.599154604, -222.309, 1.15692, 112.338
1556637033.692937889, -221.463, 1.18299, 111.235
1556637033.810093278, -220.562, 1.19484, 110.058
1556637033.904062990, -219.721, 1.22289, 108.919
1556637034.011075177, -218.826, 1.23769, 107.74
1556637034.115583893, -217.989, 1.22531, 106.584
1556637034.215013067, -217.096, 1.23176, 105.403
1556637034.322367611, -216.251, 1.2405, 104.256
1556637034.443204613, -215.332, 1.24125, 103.057
1556637034.533998944, -214.441, 1.24899, 101.876
1556637034.641587572, -213.537, 1.26157, 100.671
1556637034.742682685, -212.706, 1.28399, 99.5574
1556637034.849808634, -211.809, 1.30722, 98.3518
1556637034.950779034, -210.985, 1.32415, 97.2297
1556637035.046824860, -210.109, 1.34132, 96.0351
1556637035.150617053, -209.283, 1.34885, 94.9028
1556637035.257309657, -208.418, 1.36257, 93.7148
1556637035.350711265, -207.587, 1.37188, 92.5813
1556637035.468960372, -206.713, 1.38217, 91.374
1556637035.569612373, -205.849, 1.40328, 90.2147
1556637035.669540478, -204.979, 1.41715, 89.0123
1556637035.777193665, -204.133, 1.43615, 87.8946
1556637035.877292191, -203.259, 1.44776, 86.6847
1556637035.983442546, -202.407, 1.47092, 85.5542
1556637036.099010957, -201.53, 1.47596, 84.3586
1556637036.190085665, -200.66, 1.47392, 83.2578
1556637036.289295777, -199.771, 1.47054, 82.0775
1556637036.395728384, -198.86, 1.46555, 80.9833
1556637036.494719171, -197.947, 1.45534, 79.8136
1556637036.621520881, -197.033, 1.46749, 78.7708
1556637036.719184527, -196.092, 1.46078, 77.6173
1556637036.820070420, -195.142, 1.47705, 76.5702
1556637036.915759130, -194.161, 1.46751, 75.434
1556637037.026867018, -193.196, 1.46516, 74.4313
1556637037.115896211, -192.195, 1.45501, 73.3333
1556637037.229310198, -191.211, 1.44881, 72.3585
1556637037.335448897, -190.174, 1.44187, 71.2772
1556637037.434449127, -189.197, 1.45316, 70.324
1556637037.539730074, -188.122, 1.4483, 69.2337
1556637037.654132065, -187.085, 1.4404, 68.3004
1556637037.743076411, -185.969, 1.42989, 67.2282
1556637037.864886959, -184.943, 1.40255, 66.3843
1556637037.950539212, -183.824, 1.38577, 65.3737
1556637038.074037772, -182.851, 1.36546, 64.5563
1556637038.153231708, -181.71, 1.34961, 63.5681
1556637038.265241172, -180.687, 1.3306, 62.7154
1556637038.371223331, -179.515, 1.30365, 61.7542
1556637038.471108315, -178.426, 1.28457, 60.9102
1556637038.575267578, -177.214, 1.26584, 59.9384
1556637038.688135642, -176.177, 1.25784, 59.1045
1556637038.782746654, -174.982, 1.25036, 58.1575
1556637038.890473415, -174.002, 1.25017, 57.3521
1556637038.979145121, -172.805, 1.23589, 56.427
1556637039.093881396, -171.768, 1.19008, 55.6262
1556637039.198586061, -170.571, 1.16927, 54.7163
1556637039.307957724, -169.501, 1.13041, 53.884
1556637039.401958748, -168.28, 1.10831, 52.9702
1556637039.506243932, -167.176, 1.07625, 52.1369
1556637039.614375625, -165.947, 1.05122, 51.2336
1556637039.722135391, -164.848, 1.00246, 50.4395
1556637039.819648285, -163.613, 0.970865, 49.5646
1556637039.931233989, -162.449, 0.944277, 48.795
1556637040.025779538, -161.167, 0.914732, 47.9339
1556637040.135886799, -160.025, 0.879082, 47.1515
1556637040.240132228, -158.759, 0.846722, 46.2992
1556637040.333934205, -157.652, 0.814156, 45.513
1556637040.450286608, -156.397, 0.774938, 44.6737
1556637040.549877231, -155.3, 0.741256, 43.8924
1556637040.649616533, -154.056, 0.697176, 43.0579
1556637040.761307856, -152.918, 0.646518, 42.2371
1556637040.867644050, -151.634, 0.594266, 41.3635
1556637040.958146347, -150.431, 0.594763, 40.4999
1556637041.063956018, -149.132, 0.583686, 39.6224
1556637041.173199901, -148.006, 0.603718, 38.8452
1556637041.286513113, -146.717, 0.599591, 37.9428
1556637041.376416667, -145.616, 0.547719, 37.1478
1556637041.491819259, -144.34, 0.531669, 36.2394
1556637041.582556733, -143.204, 0.481927, 35.4712
1556637041.690149880, -141.915, 0.470338, 34.5367
1556637041.810302127, -140.813, 0.440968, 33.805
1556637041.897696690, -139.534, 0.428888, 32.9108
1556637042.000871947, -138.41, 0.378185, 32.1822
1556637042.107990458, -137.128, 0.355639, 31.3021
1556637042.201288526, -135.993, 0.293325, 30.5342
1556637042.303241138, -134.703, 0.266027, 29.6605
1556637042.402199091, -133.549, 0.233537, 28.8791
1556637042.511969202, -132.255, 0.207663, 28.0174
1556637042.610551868, -131.087, 0.16449, 27.2431
1556637042.721810226, -129.785, 0.135642, 26.3908
1556637042.826824313, -128.623, 0.0924085, 25.6142
1556637042.932800709, -127.333, 0.0590641, 24.7793
1556637043.026732559, -126.171, -0.00260069, 24.0025
1556637043.136561297, -124.877, -0.0438355, 23.1803
1556637043.235862630, -123.688, -0.072461, 22.3939
1556637043.343401741, -122.402, -0.111689, 21.5809
1556637043.446295039, -121.216, -0.159606, 20.7818
1556637043.547131700, -119.927, -0.200545, 19.9726
1556637043.662719482, -118.738, -0.25269, 19.16
1556637043.759280406, -117.466, -0.295406, 18.3572
1556637043.879041944, -116.254, -0.340006, 17.5337
1556637043.970332701, -114.974, -0.377511, 16.7282
1556637044.079420694, -113.724, -0.412979, 15.9048
1556637044.171693122, -112.451, -0.445003, 15.0903
1556637044.279937818, -111.229, -0.457624, 14.2645
1556637044.389278056, -109.951, -0.480018, 13.4573
1556637044.492129940, -108.715, -0.571337, 12.6338
1556637044.600496840, -107.436, -0.605529, 11.8264
1556637044.696310579, -106.199, -0.651664, 11.0123
1556637044.797552286, -104.922, -0.687853, 10.2019
1556637044.917080416, -103.688, -0.73036, 9.39063
1556637045.007137756, -102.411, -0.767441, 8.57905
1556637045.115666238, -101.187, -0.79577, 7.75598
1556637045.214108589, -99.9226, -0.833054, 6.94586
1556637045.308688779, -98.7215, -0.8812, 6.13235
1556637045.420238168, -97.4583, -0.921611, 5.32126
1556637045.526465590, -96.2411, -0.95239, 4.48823
1556637045.626928547, -94.9737, -0.989936, 3.67566
1556637045.726751998, -93.7412, -1.02944, 2.83148
1556637045.835032072, -92.4648, -1.07003, 2.01537
1556637045.941874438, -91.2588, -1.0981, 1.1945
1556637046.050102877, -89.9781, -1.13401, 0.37278
1556637046.146525235, -88.7873, -1.17225, -0.436463
1556637046.253935442, -87.5023, -1.2072, -1.26585
1556637046.358033101, -86.282, -1.25831, -2.12237
1556637046.455633063, -84.9633, -1.31464, -2.97681
1556637046.578337279, -83.722, -1.36079, -3.82648
1556637046.665180385, -82.3787, -1.40873, -4.68803
1556637046.767717785, -81.0314, -1.44284, -5.5308
1556637046.898534171, -79.8963, -1.41885, -6.33391
1556637046.995379605, -78.8302, -1.46578, -7.13977
1556637047.085226922, -77.5385, -1.5019, -7.98135
1556637047.181115505, -76.2476, -1.53829, -8.82281
1556637047.283394401, -75.1534, -1.58565, -9.59922
1556637047.399565927, -73.879, -1.61656, -10.4361
1556637047.497418868, -72.7498, -1.66627, -11.2263
1556637047.593942519, -71.4913, -1.69803, -12.0574
1556637047.705679131, -70.3473, -1.75955, -12.8533
1556637047.812499707, -69.0987, -1.78995, -13.6922
1556637047.911219987, -67.9282, -1.82437, -14.5186
1556637048.007769506, -66.6792, -1.85725, -15.3679
1556637048.125167333, -65.4847, -1.91347, -16.1878
1556637048.222296257, -64.2402, -1.95447, -17.0315
1556637048.332573479, -63.0455, -1.99225, -17.8418
1556637048.436279380, -61.7966, -2.02478, -18.6831
1556637048.535758466, -60.6231, -2.03942, -19.5031
1556637048.639295568, -59.382, -2.05964, -20.3453
1556637048.747656100, -58.2018, -2.07632, -21.1711
1556637048.851612274, -56.9701, -2.09745, -22.0099
1556637048.952696804, -55.7442, -2.12114, -22.8431
1556637049.049041396, -54.5929, -2.1535, -23.6529
1556637049.156902008, -53.3737, -2.17556, -24.4745
1556637049.269952391, -52.1628, -2.19659, -25.2857
1556637049.361520237, -51.0374, -2.20942, -26.0669
1556637049.470028200, -49.8565, -2.20456, -26.8832
1556637049.571781605, -48.6599, -2.20778, -27.698
1556637049.678247607, -47.5144, -2.22388, -28.5107
1556637049.788397506, -46.3218, -2.22875, -29.317
1556637049.892187747, -45.1268, -2.24685, -30.1328
1556637049.985175978, -43.9467, -2.25366, -30.9361
1556637050.085401057, -42.8043, -2.23361, -31.725
1556637050.205695811, -41.6306, -2.23252, -32.5237
1556637050.299624498, -40.505, -2.23578, -33.2915
1556637050.402539680, -39.3349, -2.22884, -34.0931
1556637050.511725433, -38.1768, -2.22225, -34.9015
1556637050.612917366, -37.1057, -2.23778, -35.6643
1556637050.740997242, -35.9763, -2.23726, -36.4639
1556637050.848304266, -34.9585, -2.22515, -37.2429
1556637050.938403556, -33.8638, -2.21219, -38.0174
1556637051.053437091, -32.9447, -2.18434, -38.7314
1556637051.143320198, -31.9048, -2.16689, -39.4956
1556637051.270460359, -31.0252, -2.15673, -40.2105
1556637051.349176657, -30.0414, -2.13852, -40.9613
1556637051.448124422, -29.0586, -2.11999, -41.7133
1556637051.570340329, -28.2066, -2.0959, -42.4251
1556637051.682131477, -27.2888, -2.07208, -43.1335
1556637051.785196758, -26.3865, -2.0488, -43.8304
1556637051.894949215, -25.5086, -2.02649, -44.5117
1556637052.016922890, -24.8195, -2.04027, -45.0535
1556637052.097797498, -24.0025, -2.02486, -45.6782
1556637052.216231854, -23.2179, -2.01595, -46.2754
1556637052.292540866, -22.4456, -2.00624, -46.8589
1556637052.415157397, -21.9491, -2.01652, -47.3521
1556637052.519422261, -21.24, -2.0167, -47.8537
1556637052.631552686, -20.5733, -2.00159, -48.3154
1556637052.709470149, -19.9146, -1.98593, -48.7561
1556637052.825999548, -19.4319, -1.95571, -49.0748
1556637052.939333987, -18.8169, -1.94352, -49.4341
1556637053.052866890, -18.2192, -1.9244, -49.7482
1556637053.120740081, -17.6268, -1.90483, -50.0313
1556637053.254500767, -17.0658, -1.8999, -50.1681
1556637053.318473366, -16.4913, -1.88663, -50.3413
1556637053.436478988, -15.9203, -1.87462, -50.4857
1556637053.533522081, -15.344, -1.86148, -50.6061
1556637053.642233633, -14.7754, -1.84862, -50.6865
1556637053.744710655, -14.0988, -1.83522, -50.6782
1556637053.854599990, -13.5488, -1.8238, -50.7017
1556637053.950212515, -13.0142, -1.81594, -50.691
1556637054.059396473, -12.4876, -1.81064, -50.656
1556637054.162605403, -11.9024, -1.84325, -50.5569
1556637054.268033852, -11.4006, -1.84602, -50.456
1556637054.378455891, -10.9202, -1.85104, -50.3366
1556637054.475323658, -10.4565, -1.86026, -50.1998
1556637054.578779779, -9.89161, -1.9072, -49.8213
1556637054.686326294, -9.46703, -1.92864, -49.6083
1556637054.780014069, -9.05517, -1.95005, -49.3725
1556637054.888290999, -8.5238, -1.94294, -49.0502
1556637054.991511963, -8.15581, -1.9586, -48.7713
1556637055.099545198, -7.80693, -1.97649, -48.4752
1556637055.211243099, -7.47231, -1.99388, -48.1546
1556637055.336959887, -6.9882, -1.97571, -47.7782
1556637055.420657699, -6.67438, -1.98554, -47.3825
1556637055.509609526, -6.37377, -1.99412, -46.9634
1556637055.613059388, -6.09987, -2.00282, -46.5224
1556637055.720486023, -5.84929, -2.01214, -46.0731
1556637055.816690290, -5.42097, -2.02399, -45.5463
1556637055.917044036, -5.21875, -2.03367, -45.073
1556637056.023865958, -5.04219, -2.0431, -44.5886
1556637056.156986451, -4.69399, -2.0349, -44.0401
1556637056.233672373, -4.55182, -2.04633, -43.5095
1556637056.334752939, -4.43687, -2.0565, -42.9724
1556637056.475077467, -4.331, -2.06156, -42.4092
1556637056.545573819, -4.25199, -2.06574, -41.8412
1556637056.675242051, -3.94353, -2.05141, -41.1178
1556637056.754469852, -3.89461, -2.0553, -40.5388
1556637056.859885241, -3.86379, -2.05806, -39.9516
1556637056.958213343, -3.67348, -2.04899, -39.1544
1556637057.054189815, -3.67479, -2.04665, -38.5578
1556637057.200591460, -3.6886, -2.04807, -37.94
1556637057.267889270, -3.72088, -2.04758, -37.3221
1556637057.368327823, -3.61771, -2.02387, -36.4428
1556637057.508536132, -3.67866, -2.00873, -35.7906
1556637057.579340963, -3.75187, -1.9945, -35.1401
1556637057.721107562, -3.83743, -1.98197, -34.4641
1556637057.807066102, -3.72048, -1.96098, -33.4193
1556637057.918529148, -3.79279, -1.94805, -32.6811
1556637057.998422109, -3.86407, -1.9384, -31.9475
1556637058.112774652, -3.93841, -1.93031, -31.2137
1556637058.204851278, -4.01376, -1.92713, -30.4764
1556637058.338272373, -3.91845, -1.91787, -29.4254
1556637058.419523133, -3.97555, -1.91805, -28.6511
1556637058.534662113, -4.03669, -1.92444, -27.8645
1556637058.616984791, -4.09522, -1.93148, -27.0797
1556637058.723641027, -4.06878, -1.91902, -26.1101
1556637058.855116272, -4.12232, -1.91976, -25.3005
1556637058.923915251, -4.17617, -1.92262, -24.4929
1556637059.025801703, -4.23039, -1.92711, -23.6861
1556637059.131765242, -4.28395, -1.91387, -22.7235
1556637059.242405754, -4.34594, -1.92205, -21.917
1556637059.339265243, -4.40628, -1.92838, -21.108
1556637059.439554530, -4.47946, -1.92186, -20.0885
1556637059.553719913, -4.54397, -1.92986, -19.2706
1556637059.644261593, -4.60604, -1.93914, -18.4541
1556637059.749910360, -4.66793, -1.95009, -17.638
1556637059.857517537, -4.72834, -1.92735, -16.6763
1556637059.960257808, -4.78562, -1.94183, -15.8775
1556637060.067818484, -4.83798, -1.95334, -15.0856
1556637060.170826835, -4.88562, -1.96608, -14.2991
1556637060.274086680, -4.90224, -1.96112, -13.5371
1556637060.375347328, -4.94559, -1.97659, -12.7728
1556637060.484174438, -4.98606, -1.98876, -12.0208
1556637060.589380064, -5.02339, -1.99797, -11.2738
1556637060.685850696, -5.01759, -1.96215, -10.5718
1556637060.797696421, -5.05002, -1.97706, -9.8493
1556637060.898590760, -5.07879, -1.99332, -9.12731
1556637061.002371633, -5.101, -2.0103, -8.42032
1556637061.096009002, -5.10847, -2.01233, -7.75822
1556637061.208697149, -5.1113, -2.03179, -7.07627
1556637061.336154458, -5.1079, -2.0619, -6.38936
1556637061.419914627, -5.07573, -2.10713, -5.69677
1556637061.537064536, -5.05775, -2.13238, -5.01684
1556637061.622643370, -5.0325, -2.15672, -4.33717
1556637061.755585031, -5.01928, -2.15243, -3.59297
1556637061.828479178, -4.9837, -2.1664, -2.89916
1556637061.937095455, -4.93732, -2.18105, -2.2123
1556637062.050889829, -4.87877, -2.19912, -1.52653
1556637062.148097594, -4.8152, -2.21829, -0.848802
1556637062.243125759, -4.74071, -2.26136, -0.0406647
1556637062.379597692, -4.66276, -2.28342, 0.654165
1556637062.445428217, -4.57654, -2.30364, 1.34754
1556637062.553236210, -4.48627, -2.27735, 2.17081
[0m[ INFO] [1556636896.387556428]: Set scanPeriod: 0.1[0m
[0m[ INFO] [1556636896.414695548]: Set  HDL-64E  scan mapper.[0m
scan time: 257
[0m[ INFO] [1556636896.389576294]: Set scanPeriod: 0.1[0m
odometry time: 257
scan time: 257
[0m[ INFO] [1556636896.388560366]: Set scanPeriod: 0.1[0m
mapping time: 257
... logging to /home/justin/.ros/log/c7874ff2-6b59-11e9-814a-9cb6d0b9893f/roslaunch-justin-xps-14314.log
Checking log directory for disk usage. This may take awhile.
Press Ctrl-C to interrupt
Done checking log file disk usage. Usage is <1GB.
]2;/home/justin/catkin_ws/src/loam_velodyne/launch/loam_velodyne.launch
[1mstarted roslaunch server http://justin-xps:38533/[0m

SUMMARY
========

PARAMETERS
 * /laserMapping/scanPeriod: 0.1
 * /laserOdometry/scanPeriod: 0.1
 * /multiScanRegistration/lidar: HDL-64E
 * /multiScanRegistration/scanPeriod: 0.1
 * /rosdistro: kinetic
 * /rosversion: 1.12.14

NODES
  /
    laserMapping (loam_velodyne/laserMapping)
    laserOdometry (loam_velodyne/laserOdometry)
    multiScanRegistration (loam_velodyne/multiScanRegistration)
    player (rosbag/play)
    rviz (rviz/rviz)
    transformMaintenance (loam_velodyne/transformMaintenance)

auto-starting new master
[1mprocess[master]: started with pid [14325][0m
[1mROS_MASTER_URI=http://localhost:11311[0m
]2;/home/justin/catkin_ws/src/loam_velodyne/launch/loam_velodyne.launch http://localhost:11311
[1msetting /run_id to c7874ff2-6b59-11e9-814a-9cb6d0b9893f[0m
[1mprocess[rosout-1]: started with pid [14338][0m
started core service [/rosout]
[1mprocess[multiScanRegistration-2]: started with pid [14341][0m
[1mprocess[laserOdometry-3]: started with pid [14342][0m
[1mprocess[laserMapping-4]: started with pid [14343][0m
[1mprocess[transformMaintenance-5]: started with pid [14358][0m
[1mprocess[rviz-6]: started with pid [14359][0m
[1mprocess[player-7]: started with pid [14360][0m
[1m[player-7] process has finished cleanly
log file: /home/justin/.ros/log/c7874ff2-6b59-11e9-814a-9cb6d0b9893f/player-7*.log[0m
[1m[rviz-6] process has finished cleanly
log file: /home/justin/.ros/log/c7874ff2-6b59-11e9-814a-9cb6d0b9893f/rviz-6*.log[0m
[transformMaintenance-5] killing on exit
[laserMapping-4] killing on exit
[laserOdometry-3] killing on exit
[multiScanRegistration-2] killing on exit
[rosout-1] killing on exit
[master] killing on exit
shutting down processing monitor...
... shutting down processing monitor complete
[1mdone[0m
