[0m[ INFO] [1556639420.069734402]: [1;32m---->[0m Transform Fusion Started.[0m
1317402965.756734880, 0.0487068, 0.000210314, 0.0479149
1317402965.867524182, 0.0538631, 0.00058443, 0.162739
1317402965.988615659, 0.0656571, 0.000984209, 0.301537
1317402966.079710151, 0.0573219, 0.00139495, 0.4404
1317402966.211193476, 0.0195048, 0.00175603, 0.618033
1317402966.281758185, -0.0257285, 0.00222746, 0.78592
1317402966.382622587, -0.078779, 0.00275173, 0.939237
1317402966.513675735, -0.148498, 0.00302502, 1.16675
1317402966.614656069, -0.248349, 0.00319077, 1.41179
1317402966.695346865, -0.399105, 0.00345146, 1.59649
1317402966.796129626, -0.53009, 0.00366651, 1.81227
1317402966.937550705, -0.696952, 0.00378801, 2.01828
1317402967.018727815, -0.883904, 0.00358391, 2.17625
1317402967.109543307, -1.08066, 0.00228215, 2.40786
1317402967.210405577, -1.25242, 0.0015025, 2.57019
1317402967.351989520, -1.43421, 0.000128957, 2.74986
1317402967.453096068, -1.63295, -0.0021795, 2.95013
1317402967.523771683, -1.89454, -0.00577786, 3.14615
1317402967.634595001, -2.18803, -0.0105275, 3.34567
1317402967.746218187, -2.51916, -0.0174732, 3.61462
1317402967.867292544, -2.88099, -0.0251931, 3.84271
1317402967.937943234, -3.23918, -0.0326941, 4.01243
1317402968.048916274, -3.57958, -0.0401611, 4.15923
1317402968.191842488, -3.96526, -0.050206, 4.34837
1317402968.262392808, -4.37308, -0.061501, 4.52473
1317402968.353160340, -4.81116, -0.0739308, 4.65856
1317402968.464067759, -5.3515, -0.0912042, 4.87043
1317402968.564910552, -5.87889, -0.108904, 5.09376
1317402968.696237481, -6.43801, -0.127821, 5.27018
1317402968.766648078, -7.01214, -0.147658, 5.45884
1317402968.877643454, -7.55547, -0.166664, 5.63914
1317402969.010299898, -8.21494, -0.190501, 5.81928
1317402969.111078655, -8.9047, -0.215905, 5.9741
1317402969.181770094, -9.64683, -0.243995, 6.1512
1317402969.292775217, -10.353, -0.271396, 6.34595
1317402969.393971279, -11.0828, -0.299893, 6.47935
1317402969.525684864, -11.8368, -0.330391, 6.66215
1317402969.596183648, -12.5526, -0.360182, 6.87334
1317402969.707039618, -13.2722, -0.390705, 7.0641
1317402969.808787584, -14.0014, -0.422554, 7.25672
1317402969.940099383, -14.7367, -0.455662, 7.46886
1317402970.010546485, -15.5212, -0.491904, 7.63593
1317402970.121180563, -16.2944, -0.528023, 7.83341
1317402970.252565641, -17.1119, -0.566989, 7.98003
1317402970.353440442, -17.9123, -0.605521, 8.10113
1317402970.434167540, -18.6702, -0.641849, 8.14883
1317402970.535562680, -19.4936, -0.68304, 8.21987
1317402970.676975219, -20.3133, -0.724799, 8.33402
1317402970.748219343, -21.1703, -0.769312, 8.45853
1317402970.849120300, -22.0076, -0.812775, 8.53386
1317402970.949948800, -22.8497, -0.856337, 8.56109
1317402971.091851989, -23.7353, -0.902943, 8.57859
1317402971.182561519, -24.6012, -0.947741, 8.54363
1317402971.263305549, -25.4199, -0.989099, 8.45594
1317402971.364119410, -26.2211, -1.02936, 8.41764
1317402971.505539925, -27.0391, -1.06983, 8.25974
1317402971.596305135, -27.9058, -1.11254, 8.07457
1317402971.677162619, -28.7045, -1.15031, 7.88415
1317402971.778034624, -29.4575, -1.18387, 7.69112
1317402971.919461975, -30.2692, -1.21894, 7.4386
1317402972.010296329, -31.0064, -1.24781, 7.13709
1317402972.090802368, -31.7151, -1.27289, 6.82128
1317402972.191417339, -32.4289, -1.29544, 6.51435
1317402972.333216604, -33.1661, -1.31702, 6.20332
1317402972.434571216, -33.8787, -1.33578, 5.87453
1317402972.505139944, -34.6098, -1.35299, 5.55965
1317402972.605975010, -35.3334, -1.36801, 5.237
1317402972.737111702, -36.0794, -1.38208, 4.90519
1317402972.828648954, -36.7735, -1.39276, 4.54267
1317402972.919447195, -37.4891, -1.40243, 4.19336
1317402973.020292420, -38.1879, -1.41061, 3.82135
1317402973.161828948, -38.8966, -1.41746, 3.45012
1317402973.263428181, -39.5824, -1.42281, 3.05664
1317402973.344225599, -40.3068, -1.42768, 2.65395
1317402973.445040679, -41.0601, -1.43176, 2.26875
1317402973.576264981, -41.7853, -1.43401, 1.86956
1317402973.678766376, -42.5398, -1.43559, 1.46925
1317402973.749399961, -43.3277, -1.43649, 1.05344
1317402973.870483741, -44.1343, -1.43646, 0.646175
1317402973.991823484, -44.9554, -1.43553, 0.226126
1317402974.083015467, -45.8177, -1.43413, -0.205595
1317402974.163627940, -46.6838, -1.43196, -0.63762
1317402974.274866088, -47.5627, -1.42898, -1.06628
1317402974.406218834, -48.4267, -1.42522, -1.52045
1317402974.508732356, -49.3218, -1.42077, -1.94612
1317402974.579307950, -50.236, -1.41548, -2.35466
1317402974.680129930, -51.1398, -1.40984, -2.80919
1317402974.821472167, -52.0259, -1.40329, -3.25246
1317402974.912968467, -52.9471, -1.39626, -3.7214
1317402974.993815296, -53.8432, -1.38863, -4.23123
1317402975.104724383, -54.7539, -1.38013, -4.69279
1317402975.236138775, -55.6837, -1.37141, -5.15985
1317402975.337296682, -56.5995, -1.36231, -5.60036
1317402975.407909437, -57.5034, -1.35303, -6.03
1317402975.518919264, -58.4221, -1.34365, -6.46082
1317402975.650240156, -59.3227, -1.33399, -6.87292
1317402975.730913382, -60.2327, -1.32418, -7.29448
1317402975.821701963, -61.1271, -1.31385, -7.70721
1317402975.932950102, -62.0695, -1.30391, -8.13636
1317402976.065735846, -62.9584, -1.29418, -8.59965
1317402976.166672141, -63.8587, -1.28438, -9.05582
1317402976.237165452, -64.746, -1.27494, -9.5321
1317402976.347979313, -65.6757, -1.26603, -9.99294
1317402976.481017751, -66.5758, -1.25694, -10.4602
1317402976.582021023, -67.4553, -1.24766, -10.9034
1317402976.662803384, -68.3254, -1.2386, -11.3807
1317402976.763609113, -69.1852, -1.22935, -11.8211
1317402976.896067116, -70.0118, -1.22048, -12.268
1317402976.976935967, -70.8826, -1.21246, -12.7218
1317402977.067796733, -71.721, -1.20486, -13.1965
1317402977.208943392, -72.5816, -1.19881, -13.6634
1317402977.289749106, -73.4117, -1.19375, -14.1376
1317402977.411090913, -74.2416, -1.19003, -14.6391
1317402977.481672647, -75.074, -1.18664, -15.135
1317402977.592764562, -75.8996, -1.18335, -15.6035
1317402977.723874181, -76.7152, -1.18078, -16.0609
1317402977.835279292, -77.5547, -1.17928, -16.4988
1317402977.906008088, -78.3911, -1.17859, -16.9486
1317402978.037483532, -79.2223, -1.17923, -17.389
1317402978.118337879, -80.0478, -1.18111, -17.8336
1317402978.259591824, -80.8779, -1.18409, -18.2838
1317402978.320045502, -81.6888, -1.18749, -18.7357
1317402978.451802114, -82.5169, -1.1919, -19.1653
1317402978.542706053, -83.3461, -1.19667, -19.5937
1317402978.663839967, -84.1691, -1.20197, -20.0252
1317402978.734458805, -84.9837, -1.20809, -20.4457
1317402978.835322412, -85.8128, -1.21573, -20.8749
1317402978.966419370, -86.6337, -1.22382, -21.2768
1317402979.077288089, -87.4456, -1.2326, -21.6709
1317402979.147942567, -88.2846, -1.24292, -22.0463
1317402979.248810505, -89.1326, -1.25457, -22.4124
1317402979.390235592, -89.9894, -1.26667, -22.7829
1317402979.481094937, -90.8451, -1.2794, -23.1351
1317402979.561795705, -91.7115, -1.29351, -23.4558
1317402979.703222909, -92.5737, -1.30805, -23.7767
1317402979.804244222, -93.4463, -1.32303, -24.084
1317402979.905297336, -94.3231, -1.33817, -24.3792
1317402979.976522181, -95.2032, -1.35374, -24.6629
1317402980.087729061, -96.0622, -1.36861, -24.9397
1317402980.209157229, -96.9314, -1.38318, -25.199
1317402980.320309235, -97.7975, -1.39784, -25.4653
1317402980.401055675, -98.6454, -1.41225, -25.7307
1317402980.512101880, -99.5043, -1.42696, -25.9949
1317402980.633161702, -100.365, -1.44183, -26.2513
1317402980.713974503, -101.236, -1.45727, -26.4907
1317402980.804963678, -102.109, -1.47298, -26.7194
1317402980.946356806, -103.001, -1.48983, -26.9534
1317402981.047490331, -103.882, -1.50674, -27.2003
1317402981.138936720, -104.755, -1.52441, -27.4171
1317402981.219714989, -105.631, -1.54341, -27.6095
1317402981.339599837, -106.506, -1.56309, -27.8115
1317402981.460911018, -107.377, -1.58326, -27.9982
1317402981.552054303, -108.233, -1.60279, -28.1946
1317402981.632792147, -109.112, -1.62441, -28.3872
1317402981.774215619, -109.992, -1.64722, -28.571
1317402981.855102265, -110.873, -1.67079, -28.7442
1317402981.996578192, -111.738, -1.69394, -28.9263
1317402982.067091844, -112.586, -1.71638, -29.1184
1317402982.158114923, -113.464, -1.74224, -29.2823
1317402982.289378115, -114.327, -1.76853, -29.4263
1317402982.400510730, -115.173, -1.79397, -29.5799
1317402982.471187934, -116.021, -1.82018, -29.7305
1317402982.602684041, -116.867, -1.8466, -29.8867
1317402982.703745629, -117.75, -1.87653, -30.0317
1317402982.804782051, -118.613, -1.90516, -30.1874
1317402982.885423143, -119.478, -1.9346, -30.3383
1317402983.017840294, -120.337, -1.965, -30.4731
1317402983.108741877, -121.198, -1.99698, -30.5963
1317402983.230052566, -122.073, -2.03103, -30.7142
1317402983.300701233, -122.944, -2.06607, -30.8228
1317402983.433122057, -123.82, -2.10182, -30.9467
1317402983.534241771, -124.687, -2.13867, -31.0518
1317402983.635158864, -125.544, -2.17533, -31.1661
1317402983.715906935, -126.417, -2.21393, -31.2931
1317402983.848506965, -127.282, -2.25305, -31.4128
1317402983.929289374, -128.126, -2.29202, -31.5215
1317402984.060506443, -128.979, -2.33316, -31.6268
1317402984.131235855, -129.835, -2.37569, -31.7364
1317402984.263620246, -130.68, -2.41736, -31.8601
1317402984.374928556, -131.521, -2.46004, -31.9794
1317402984.455778005, -132.367, -2.50494, -32.087
1317402984.546598314, -133.207, -2.55045, -32.1918
1317402984.678414870, -134.015, -2.59434, -32.2906
1317402984.779368040, -134.83, -2.64007, -32.3826
1317402984.880477898, -135.632, -2.68527, -32.4827
1317402984.961107839, -136.429, -2.73061, -32.5765
1317402985.093239336, -137.211, -2.77537, -32.6669
1317402985.204387192, -138.029, -2.82477, -32.7426
1317402985.295267067, -138.831, -2.8732, -32.8187
1317402985.375854776, -139.595, -2.91973, -32.8839
1317402985.508270155, -140.361, -2.96712, -32.9456
1317402985.609378812, -141.127, -3.01559, -33.0025
1317402985.710265112, -141.872, -3.06436, -33.0383
1317402985.790971059, -142.666, -3.11521, -33.1067
1317402985.922981687, -143.429, -3.16728, -33.1339
1317402986.013852866, -144.209, -3.22254, -33.1548
1317402986.135028570, -144.974, -3.27611, -33.1819
1317402986.205695618, -145.733, -3.33136, -33.1865
1317402986.338056286, -146.513, -3.39228, -33.1533
1317402986.439153620, -147.274, -3.45061, -33.1274
1317402986.530011454, -148.024, -3.50891, -33.0939
1317402986.620823710, -148.796, -3.56961, -33.0572
1317402986.753245869, -149.553, -3.63092, -33
1317402986.854197962, -150.307, -3.69322, -32.9279
1317402986.955465165, -151.042, -3.7537, -32.8584
1317402987.036153253, -151.788, -3.81578, -32.784
1317402987.169059254, -152.518, -3.87385, -32.7335
1317402987.259940046, -153.251, -3.93533, -32.6552
1317402987.381142761, -153.97, -3.99387, -32.5938
1317402987.451620603, -154.702, -4.05385, -32.5345
1317402987.584639008, -155.431, -4.1145, -32.4723
1317402987.675703165, -156.176, -4.17618, -32.4184
1317402987.796860512, -156.938, -4.23901, -32.3726
1317402987.867580099, -157.699, -4.30255, -32.3268
1317402988.000445164, -158.446, -4.36428, -32.2881
1317402988.101541708, -159.179, -4.42631, -32.2423
1317402988.192336196, -159.907, -4.48812, -32.1999
1317402988.283075519, -160.634, -4.5476, -32.1758
1317402988.415600659, -161.356, -4.60609, -32.1583
1317402988.506586153, -162.068, -4.66456, -32.1375
1317402988.617802466, -162.773, -4.72333, -32.1122
1317402988.698460680, -163.478, -4.78144, -32.093
1317402988.830437822, -164.167, -4.83857, -32.0704
1317402988.931317942, -164.865, -4.89949, -32.0303
1317402989.032548331, -165.587, -4.9594, -32.0139
1317402989.113284146, -166.273, -5.01911, -31.9756
1317402989.244821416, -166.951, -5.08083, -31.9192
1317402989.345661498, -167.619, -5.14208, -31.8644
1317402989.456743628, -168.285, -5.2059, -31.8001
1317402989.527345120, -168.951, -5.27236, -31.7252
1317402989.659578679, -169.614, -5.34395, -31.6235
1317402989.740634374, -170.27, -5.41502, -31.5276
1317402989.871953201, -170.916, -5.48925, -31.4151
1317402989.942580843, -171.559, -5.56582, -31.2956
1317402990.074502021, -172.168, -5.64231, -31.1626
1317402990.175281021, -172.775, -5.72435, -31.0074
1317402990.266097413, -173.38, -5.80927, -30.8417
1317402990.357000744, -173.998, -5.89754, -30.6728
1317402990.489634535, -174.595, -5.98618, -30.4944
1317402990.580695541, -175.192, -6.0787, -30.3013
1317402990.702026696, -175.79, -6.174, -30.0989
1317402990.772702183, -176.389, -6.27031, -29.8978
1317402990.904716406, -176.97, -6.36523, -29.6988
1317402991.005814811, -177.545, -6.46005, -29.5014
1317402991.106834532, -178.121, -6.55835, -29.291
1317402991.187628013, -178.691, -6.65643, -29.0807
1317402991.319661834, -179.263, -6.75364, -28.8787
1317402991.406785816, -179.826, -6.85232, -28.6702
1317402991.528007483, -180.398, -6.9529, -28.4664
1317402991.598701334, -180.963, -7.05703, -28.2484
1317402991.750423527, -181.519, -7.16333, -28.0189
1317402991.851481368, -182.104, -7.27587, -27.7829
1317402991.942236404, -182.694, -7.38862, -27.5548
1317402992.022987587, -183.298, -7.50669, -27.3175
1317402992.124108291, -183.91, -7.62941, -27.0705
1317402992.265576668, -184.511, -7.74976, -26.8359
1317402992.356928510, -185.11, -7.87186, -26.5989
1317402992.427534998, -185.72, -8.00144, -26.3411
1317402992.569086435, -186.342, -8.13395, -26.0851
1317402992.660099502, -186.949, -8.26521, -25.8302
1317402992.781840708, -187.562, -8.40132, -25.5617
1317402992.852304074, -188.173, -8.54087, -25.2796
1317402992.942932765, -188.774, -8.67965, -24.9971
1317402993.084468723, -189.351, -8.81904, -24.7011
1317402993.186742052, -189.921, -8.95942, -24.4001
1317402993.257204700, -190.5, -9.10873, -24.0691
1317402993.398768121, -191.09, -9.25978, -23.7436
1317402993.489760284, -191.679, -9.41205, -23.4153
1317402993.602295555, -192.283, -9.569, -23.081
1317402993.673002975, -192.883, -9.72345, -22.7597
1317402993.814234923, -193.484, -9.88024, -22.433
1317402993.895084013, -194.126, -10.0439, -22.1082
1317402994.017765301, -194.747, -10.2072, -21.7723
1317402994.088449445, -195.394, -10.3739, -21.4439
1317402994.219510847, -196.024, -10.5438, -21.0917
1317402994.330644218, -196.668, -10.7148, -20.7494
1317402994.422265481, -197.328, -10.8884, -20.4098
1317402994.512877043, -197.982, -11.0617, -20.072
1317402994.644196728, -198.629, -11.2305, -19.7516
1317402994.735155086, -199.28, -11.4028, -19.4214
1317402994.846298302, -199.93, -11.5819, -19.0629
1317402994.916951678, -200.588, -11.7588, -18.721
1317402995.048299008, -201.236, -11.9313, -18.3936
1317402995.159484485, -201.885, -12.104, -18.0672
1317402995.260427500, -202.543, -12.2822, -17.7263
1317402995.331106524, -203.195, -12.4574, -17.3961
1317402995.472484818, -203.818, -12.6243, -17.0825
1317402995.574391284, -204.445, -12.7905, -16.7772
1317402995.675373940, -205.079, -12.9612, -16.4608
1317402995.746014848, -205.731, -13.1312, -16.1644
1317402995.867178273, -206.386, -13.2995, -15.8791
1317402995.989964931, -207.064, -13.4699, -15.6034
1317402996.080843194, -207.729, -13.6421, -15.3158
1317402996.161589081, -208.386, -13.8192, -15.0069
1317402996.292788884, -209.046, -13.9948, -14.7122
1317402996.404478770, -209.718, -14.1733, -14.4175
1317402996.495143029, -210.392, -14.3548, -14.1172
1317402996.575752010, -211.062, -14.541, -13.7998
1317402996.717431456, -211.732, -14.7274, -13.487
1317402996.808818137, -212.41, -14.9121, -13.1923
1317402996.920104237, -213.087, -15.0964, -12.9038
1317402996.990689165, -213.763, -15.2822, -12.6135
1317402997.112309308, -214.437, -15.4716, -12.31
1317402997.234400562, -215.114, -15.666, -11.9944
1317402997.335538635, -215.783, -15.8609, -11.6751
1317402997.406103999, -216.469, -16.0548, -11.3772
1317402997.547444831, -217.133, -16.2506, -11.0581
1317402997.628340085, -217.782, -16.4449, -10.7389
1317402997.749786342, -218.43, -16.6407, -10.416
1317402997.830552712, -219.077, -16.8367, -10.0948
1317402997.961820543, -219.716, -17.0328, -9.77007
1317402998.063960575, -220.365, -17.2324, -9.44286
1317402998.164905656, -221.005, -17.4295, -9.11982
1317402998.245710215, -221.639, -17.6274, -8.79039
1317402998.376988686, -222.273, -17.8296, -8.44591
1317402998.478944703, -222.926, -18.0386, -8.09185
1317402998.579927997, -223.566, -18.2432, -7.74544
1317402998.660605726, -224.217, -18.4534, -7.38834
1317402998.772136243, -224.894, -18.6717, -7.02129
1317402998.893747639, -225.573, -18.8932, -6.64651
1317402999.004804525, -226.236, -19.1142, -6.2593
1317402999.065292084, -226.894, -19.3335, -5.87533
1317402999.206846063, -227.549, -19.555, -5.48281
1317402999.308836875, -228.215, -19.779, -5.08946
1317402999.410016333, -228.889, -20.0063, -4.69292
1317402999.490577964, -229.569, -20.2354, -4.29554
1317402999.622080716, -230.229, -20.4633, -3.89291
1317402999.712698641, -230.898, -20.6925, -3.4968
1317402999.823800812, -231.564, -20.9189, -3.11165
1317402999.894373246, -232.228, -21.1473, -2.72336
1317403000.036111355, -232.884, -21.3756, -2.33108
1317403000.138433588, -233.545, -21.6114, -1.91824
1317403000.239398824, -234.215, -21.8501, -1.50203
1317403000.309924975, -234.884, -22.0896, -1.08448
1317403000.451142051, -235.547, -22.3283, -0.667828
1317403000.542363973, -236.22, -22.5704, -0.249117
1317403000.653541186, -236.89, -22.8128, 0.169131
1317403000.734172683, -237.558, -23.0593, 0.597696
1317403000.855284371, -238.226, -23.3074, 1.02738
1317403000.976555147, -238.88, -23.5555, 1.46178
1317403001.067694718, -239.522, -23.8009, 1.89383
1317403001.138396011, -240.155, -24.049, 2.33878
1317403001.279738472, -240.811, -24.3014, 2.77972
1317403001.380705309, -241.475, -24.5513, 3.20509
1317403001.490365447, -242.115, -24.8008, 3.64547
1317403001.560851292, -242.767, -25.0494, 4.07219
1317403001.692272782, -243.424, -25.3069, 4.5228
1317403001.783150181, -244.053, -25.5562, 4.96482
1317403001.904438061, -244.698, -25.8083, 5.40477
1317403001.975067275, -245.348, -26.064, 5.85106
1317403002.106561724, -245.992, -26.3255, 6.31914
1317403002.207476397, -246.629, -26.5817, 6.772
1317403002.318518877, -247.28, -26.8428, 7.22844
1317403002.389190879, -247.915, -27.097, 7.67321
1317403002.500072860, -248.545, -27.3603, 8.14913
1317403002.631412490, -249.171, -27.6201, 8.61383
1317403002.732483631, -249.813, -27.8827, 9.07523
1317403002.803152985, -250.452, -28.151, 9.55575
1317403002.934476665, -251.083, -28.4164, 10.0305
1317403003.025202248, -251.724, -28.6823, 10.498
1317403003.156626962, -252.349, -28.9485, 10.9774
1317403003.227189015, -252.971, -29.2137, 11.456
1317403003.348457368, -253.57, -29.4845, 11.9695
1317403003.459570442, -254.166, -29.7565, 12.4893
1317403003.550657023, -254.754, -30.0264, 13.0067
1317403003.631424833, -255.336, -30.2981, 13.5349
1317403003.742719994, -255.925, -30.5736, 14.0711
1317403003.874150082, -256.47, -30.8433, 14.6185
1317403003.975961019, -257.008, -31.1126, 15.1678
1317403004.046548990, -257.544, -31.3844, 15.7251
1317403004.158002173, -258.08, -31.6573, 16.2855
1317403004.289187545, -258.61, -31.9285, 16.844
1317403004.381140614, -259.147, -32.1954, 17.3826
1317403004.471895342, -259.704, -32.4663, 17.9209
1317403004.603318935, -260.283, -32.7333, 18.4331
1317403004.684168472, -260.84, -32.9986, 18.9548
1317403004.815416039, -261.419, -33.2649, 19.4648
1317403004.886083214, -261.998, -33.5291, 19.968
1317403005.017243101, -262.588, -33.8004, 20.4868
1317403005.119515078, -263.192, -34.0774, 21.0153
1317403005.210672992, -263.792, -34.3478, 21.526
1317403005.291314040, -264.384, -34.6173, 22.0384
1317403005.432628504, -264.99, -34.8871, 22.542
1317403005.534572750, -265.608, -35.1616, 23.0518
1317403005.625498961, -266.222, -35.4333, 23.555
1317403005.706255902, -266.829, -35.7016, 24.0507
1317403005.837421442, -267.444, -35.9693, 24.5382
1317403005.949387988, -268.061, -36.2381, 25.0268
1317403006.050364598, -268.688, -36.5119, 25.5264
1317403006.121019308, -269.331, -36.7904, 26.0309
1317403006.252420072, -269.965, -37.0635, 26.5247
1317403006.364209025, -270.611, -37.3437, 27.0338
1317403006.445062846, -271.259, -37.624, 27.5421
1317403006.535889093, -271.909, -37.904, 28.0478
1317403006.646974528, -272.55, -38.1777, 28.5396
1317403006.778969018, -273.197, -38.4564, 29.0432
1317403006.849760909, -273.821, -38.7306, 29.5472
1317403006.950385215, -274.463, -39.0082, 30.0487
1317403007.091905167, -275.117, -39.2903, 30.5565
1317403007.193632296, -275.782, -39.5683, 31.0454
1317403007.284596955, -276.423, -39.8481, 31.5542
1317403007.375354485, -277.075, -40.1315, 32.0694
1317403007.486298309, -277.723, -40.4156, 32.5902
1317403007.608368901, -278.365, -40.7041, 33.1283
1317403007.709650201, -279, -40.9976, 33.6842
1317403007.780238669, -279.638, -41.2934, 34.2435
1317403007.911390807, -280.26, -41.5879, 34.8067
1317403008.023271432, -280.875, -41.8792, 35.3633
1317403008.124067716, -281.497, -42.1759, 35.9313
1317403008.194660537, -282.108, -42.4745, 36.5104
1317403008.325834259, -282.729, -42.7744, 37.0883
1317403008.437640881, -283.333, -43.0737, 37.6765
1317403008.538683795, -283.95, -43.3835, 38.2912
1317403008.609271977, -284.573, -43.6954, 38.9095
1317403008.761189865, -285.188, -44.0096, 39.5405
1317403008.842401424, -285.796, -44.3243, 40.1773
1317403008.953624844, -286.394, -44.6417, 40.8287
1317403009.024322818, -286.969, -44.9555, 41.4798
1317403009.165653737, -287.559, -45.2777, 42.1464
1317403009.267618902, -288.14, -45.5993, 42.8155
1317403009.368657213, -288.723, -45.924, 43.4921
1317403009.439289838, -289.301, -46.2496, 44.1721
1317403009.580815643, -289.899, -46.5756, 44.8427
1317403009.672758835, -290.492, -46.9043, 45.523
1317403009.773876683, -291.081, -47.2335, 46.2063
1317403009.854549948, -291.657, -47.5611, 46.8915
1317403009.995898970, -292.224, -47.8919, 47.5909
1317403010.086817537, -292.79, -48.2241, 48.2957
1317403010.197921297, -293.355, -48.5552, 48.9974
1317403010.278610590, -293.919, -48.8871, 49.7039
1317403010.409969551, -294.479, -49.2178, 50.4095
1317403010.500958229, -295.029, -49.5461, 51.1153
1317403010.632051279, -295.582, -49.872, 51.8108
1317403010.692623343, -296.103, -50.1955, 52.5214
1317403010.793590522, -296.635, -50.5209, 53.2287
1317403010.914701289, -297.156, -50.8523, 53.9626
1317403011.036175174, -297.676, -51.1776, 54.6775
1317403011.106889455, -298.212, -51.5084, 55.3979
1317403011.228448729, -298.726, -51.8351, 56.1191
1317403011.339714771, -299.223, -52.1572, 56.8377
1317403011.450779565, -299.718, -52.4812, 57.5602
1317403011.521391463, -300.216, -52.8119, 58.3027
1317403011.654177297, -300.716, -53.1464, 59.0532
1317403011.744836416, -301.201, -53.4726, 59.7853
1317403011.856093665, -301.686, -53.7945, 60.5025
1317403011.936846883, -302.167, -54.1174, 61.2257
1317403012.069111620, -302.646, -54.4427, 61.9562
1317403012.170025040, -303.14, -54.7692, 62.6808
1317403012.270878474, -303.611, -55.0956, 63.4199
1317403012.351578599, -304.099, -55.4304, 64.1744
1317403012.483009078, -304.587, -55.7609, 64.9154
1317403012.584217733, -305.108, -56.1029, 65.6682
1317403012.695303969, -305.619, -56.4378, 66.4044
1317403012.765958641, -306.137, -56.7756, 67.1443
1317403012.917592957, -306.659, -57.1179, 67.8922
1317403012.998435114, -307.176, -57.458, 68.636
1317403013.119712014, -307.703, -57.8013, 69.3813
1317403013.191302966, -308.232, -58.1406, 70.1118
1317403013.282089586, -308.767, -58.4881, 70.8618
1317403013.413773870, -309.327, -58.8407, 71.6096
1317403013.525041491, -309.871, -59.1853, 72.3399
1317403013.605735695, -310.406, -59.5287, 73.0697
1317403013.726779297, -310.952, -59.864, 73.7657
1317403013.837779321, -311.513, -60.2019, 74.4569
1317403013.928679479, -312.076, -60.5364, 75.1343
1317403014.009391247, -312.652, -60.884, 75.8415
1317403014.150836704, -313.233, -61.2328, 76.5473
1317403014.251793852, -313.832, -61.5829, 77.2437
1317403014.353067661, -314.406, -61.9251, 77.9315
1317403014.423630433, -314.997, -62.2733, 78.6241
1317403014.534570764, -315.593, -62.6175, 79.2989
1317403014.665948866, -316.193, -62.9626, 79.971
1317403014.767675251, -316.819, -63.3142, 80.6425
1317403014.838206549, -317.438, -63.6643, 81.3111
1317403014.979610951, -318.047, -64.0069, 81.9614
1317403015.080770854, -318.691, -64.3638, 82.6288
1317403015.171728654, -319.327, -64.7186, 83.2929
1317403015.252384663, -319.975, -65.0796, 83.9647
1317403015.403867976, -320.631, -65.4375, 84.6207
1317403015.494606575, -321.292, -65.8045, 85.2979
1317403015.595527554, -321.944, -66.1592, 85.9446
1317403015.666127303, -322.622, -66.5212, 86.5947
1317403015.787335697, -323.287, -66.8832, 87.2493
1317403015.898429372, -323.966, -67.2522, 87.9124
1317403016.009236969, -324.639, -67.6161, 88.5622
1317403016.089944019, -325.311, -67.9816, 89.2118
1317403016.211173930, -325.953, -68.3397, 89.8555
1317403016.323092436, -326.624, -68.7128, 90.5189
1317403016.424229221, -327.294, -69.0868, 91.1824
1317403016.494890944, -327.963, -69.4598, 91.8415
1317403016.626437290, -328.63, -69.8341, 92.5039
1317403016.738036129, -329.3, -70.2089, 93.1634
1317403016.838895486, -329.965, -70.5757, 93.801
1317403016.909644139, -330.643, -70.9501, 94.4475
1317403017.051168398, -331.315, -71.3257, 95.099
1317403017.152159691, -331.972, -71.698, 95.7482
1317403017.253132518, -332.661, -72.0855, 96.4132
1317403017.333889956, -333.346, -72.4735, 97.0788
1317403017.445002514, -334.021, -72.8597, 97.7437
1317403017.567304204, -334.694, -73.2469, 98.4081
1317403017.668383839, -335.386, -73.6346, 99.0593
1317403017.738986487, -336.074, -74.0221, 99.7088
1317403017.880407285, -336.745, -74.4081, 100.363
1317403017.982230424, -337.414, -74.7969, 101.023
1317403018.073141913, -338.096, -75.1858, 101.672
1317403018.153691485, -338.756, -75.5745, 102.331
1317403018.295216333, -339.424, -75.9643, 102.984
1317403018.396476692, -340.084, -76.3512, 103.634
1317403018.487728490, -340.718, -76.7286, 104.272
1317403018.568404204, -341.348, -77.1073, 104.914
1317403018.709780740, -341.985, -77.4822, 105.537
1317403018.811497199, -342.601, -77.8537, 106.16
1317403018.922591811, -343.226, -78.2257, 106.774
1317403018.983179437, -343.852, -78.5988, 107.385
1317403019.124743190, -344.469, -78.9721, 107.999
1317403019.216323115, -345.071, -79.3358, 108.595
1317403019.327531530, -345.647, -79.6925, 109.185
1317403019.398106840, -346.215, -80.0493, 109.777
1317403019.539478351, -346.773, -80.4044, 110.367
1317403019.641404033, -347.321, -80.7572, 110.952
1317403019.752297307, -347.861, -81.1008, 111.515
1317403019.822877629, -348.394, -81.4413, 112.068
1317403019.954289543, -348.926, -81.7793, 112.609
1317403020.045051516, -349.453, -82.1145, 113.141
1317403020.156324866, -349.973, -82.4457, 113.664
1317403020.236939547, -350.47, -82.7634, 114.166
1317403020.337547245, -350.957, -83.0736, 114.652
1317403020.438270137, -351.431, -83.3831, 115.143
1317403020.559080309, -351.901, -83.6923, 115.631
1317403020.649756394, -352.371, -83.9949, 116.099
1317403020.750598870, -352.837, -84.2989, 116.571
1317403020.892140265, -353.302, -84.5987, 117.03
1317403020.983181726, -353.77, -84.8991, 117.485
1317403021.063710350, -354.228, -85.1947, 117.933
1317403021.195062131, -354.687, -85.4868, 118.369
1317403021.306173416, -355.156, -85.7925, 118.828
1317403021.397136383, -355.636, -86.0908, 119.258
1317403021.478233678, -356.126, -86.3928, 119.687
1317403021.620049778, -356.612, -86.6993, 120.124
1317403021.710859728, -357.12, -87.0098, 120.552
1317403021.822000502, -357.635, -87.3149, 120.96
1317403021.893220243, -358.166, -87.6302, 121.378
1317403022.024884701, -358.701, -87.9422, 121.783
1317403022.125972329, -359.236, -88.2525, 122.183
1317403022.237078947, -359.796, -88.5769, 122.597
1317403022.307590729, -360.352, -88.9015, 123.011
1317403022.449197998, -360.928, -89.2363, 123.429
1317403022.540142086, -361.514, -89.5823, 123.86
1317403022.651296337, -362.101, -89.9294, 124.286
1317403022.722036070, -362.688, -90.2781, 124.709
1317403022.863608001, -363.275, -90.6293, 125.13
1317403022.944491797, -363.864, -90.9855, 125.555
1317403023.065900352, -364.455, -91.3405, 125.969
1317403023.146679373, -365.045, -91.6986, 126.385
1317403023.278275314, -365.635, -92.0579, 126.798
1317403023.379333608, -366.213, -92.4194, 127.219
1317403023.460173908, -366.791, -92.7787, 127.631
1317403023.551061643, -367.365, -93.1356, 128.033
1317403023.661833991, -367.933, -93.4845, 128.418
1317403023.783313344, -368.496, -93.8264, 128.785
1317403023.894302357, -369.054, -94.1679, 129.151
1317403023.974865311, -369.617, -94.5107, 129.51
1317403024.106255166, -370.172, -94.8462, 129.857
1317403024.207816519, -370.723, -95.1805, 130.2
1317403024.288694966, -371.27, -95.5108, 130.536
1317403024.389821756, -371.846, -95.8536, 130.874
1317403024.521349440, -372.4, -96.1782, 131.189
1317403024.622532153, -372.956, -96.4922, 131.478
1317403024.723753604, -373.502, -96.7952, 131.751
1317403024.804408616, -374.061, -97.0958, 132.007
1317403024.935625554, -374.627, -97.3922, 132.251
1317403025.036895837, -375.215, -97.6933, 132.488
1317403025.137986954, -375.817, -97.9976, 132.723
1317403025.218716896, -376.429, -98.3028, 132.953
1317403025.360542031, -377.062, -98.6074, 133.166
1317403025.451499963, -377.697, -98.9156, 133.384
1317403025.552421059, -378.34, -99.2256, 133.599
1317403025.633225522, -378.985, -99.5289, 133.798
1317403025.734169911, -379.645, -99.84, 134.001
1317403025.875599769, -380.316, -100.153, 134.197
1317403025.956306820, -380.994, -100.466, 134.385
1317403026.047057588, -381.681, -100.779, 134.565
1317403026.158563756, -382.361, -101.08, 134.724
1317403026.279731374, -383.045, -101.388, 134.897
1317403026.390656237, -383.725, -101.693, 135.071
1317403026.461188619, -384.402, -102.007, 135.265
1317403026.592524657, -385.1, -102.323, 135.447
1317403026.703357595, -385.793, -102.626, 135.605
1317403026.784117756, -386.463, -102.915, 135.754
1317403026.874817892, -387.111, -103.196, 135.906
1317403027.006171676, -387.772, -103.487, 136.074
1317403027.117241915, -388.427, -103.775, 136.243
1317403027.218299711, -389.082, -104.063, 136.414
1317403027.289152575, -389.734, -104.346, 136.581
1317403027.420672680, -390.376, -104.623, 136.746
1317403027.531664345, -391.009, -104.895, 136.909
1317403027.632820766, -391.629, -105.158, 137.067
1317403027.703452465, -392.249, -105.418, 137.219
1317403027.824669288, -392.858, -105.677, 137.382
1317403027.955806111, -393.456, -105.933, 137.551
1317403028.046840990, -394.038, -106.177, 137.706
1317403028.117471754, -394.65, -106.436, 137.877
1317403028.268855958, -395.263, -106.694, 138.049
1317403028.359614771, -395.875, -106.956, 138.235
1317403028.460596987, -396.459, -107.196, 138.394
1317403028.531259407, -397.047, -107.435, 138.553
1317403028.672478026, -397.615, -107.658, 138.693
1317403028.774495675, -398.166, -107.872, 138.829
1317403028.865332117, -398.695, -108.067, 138.941
1317403028.945993111, -399.198, -108.249, 139.043
1317403029.087089455, -399.692, -108.419, 139.127
1317403029.177973264, -400.156, -108.569, 139.186
1317403029.299202325, -400.605, -108.714, 139.246
1317403029.369769487, -401.014, -108.839, 139.291
1317403029.470962820, -401.417, -108.954, 139.319
1317403029.602479532, -401.793, -109.065, 139.356
1317403029.733931468, -402.15, -109.168, 139.389
1317403029.784398463, -402.48, -109.259, 139.413
1317403029.885194032, -402.816, -109.349, 139.433
1317403030.016610162, -403.129, -109.429, 139.446
1317403030.117566550, -403.436, -109.502, 139.447
1317403030.198077699, -403.699, -109.569, 139.466
1317403030.329526822, -403.965, -109.637, 139.487
1317403030.430460769, -404.21, -109.7, 139.51
1317403030.541711882, -404.422, -109.749, 139.519
1317403030.612291984, -404.61, -109.786, 139.515
1317403030.713159782, -404.803, -109.826, 139.514
1317403030.814071351, -404.962, -109.858, 139.519
1317403030.955991386, -405.122, -109.894, 139.531
1317403031.026494389, -405.259, -109.923, 139.541
1317403031.157783119, -405.39, -109.956, 139.562
1317403031.258866162, -405.546, -109.986, 139.562
1317403031.370081362, -405.702, -110.017, 139.563
1317403031.440675179, -405.858, -110.048, 139.565
1317403031.582382372, -406.011, -110.084, 139.58
1317403031.662329587, -406.155, -110.114, 139.587
1317403031.793593573, -406.303, -110.143, 139.59
1317403031.854075573, -406.45, -110.175, 139.598
1317403031.995513724, -406.617, -110.214, 139.612
1317403032.096402238, -406.792, -110.261, 139.642
1317403032.197242937, -406.989, -110.308, 139.656
1317403032.267929051, -407.183, -110.353, 139.666
1317403032.399049008, -407.376, -110.398, 139.678
1317403032.520220677, -407.593, -110.443, 139.675
1317403032.612001727, -407.804, -110.487, 139.675
1317403032.682533652, -408.045, -110.547, 139.695
1317403032.783510888, -408.302, -110.614, 139.724
1317403032.924865591, -408.557, -110.685, 139.764
1317403033.026691496, -408.81, -110.758, 139.809
1317403033.097257723, -409.077, -110.838, 139.865
1317403033.208387930, -409.367, -110.93, 139.937
1317403033.339696983, -409.662, -111.03, 140.024
1317403033.440868366, -409.969, -111.135, 140.118
1317403033.521660185, -410.272, -111.242, 140.219
1317403033.612824416, -410.587, -111.358, 140.335
1317403033.754329314, -410.906, -111.472, 140.444
1317403033.845551935, -411.234, -111.591, 140.561
1317403033.926215695, -411.543, -111.705, 140.678
1317403034.026997787, -411.891, -111.839, 140.822
1317403034.168579279, -412.249, -111.982, 140.983
1317403034.270923199, -412.61, -112.132, 141.158
1317403034.341579278, -412.991, -112.294, 141.355
1317403034.442776444, -413.366, -112.459, 141.562
1317403034.584281602, -413.762, -112.631, 141.773
1317403034.675359868, -414.157, -112.808, 142
1317403034.766259894, -414.564, -112.996, 142.248
1317403034.856974887, -414.983, -113.193, 142.511
1317403034.998254549, -415.418, -113.404, 142.801
1317403035.100203974, -415.857, -113.617, 143.095
1317403035.170858800, -416.306, -113.84, 143.408
1317403035.271713355, -416.741, -114.064, 143.736
1317403035.412995871, -417.195, -114.301, 144.084
1317403035.513939140, -417.66, -114.552, 144.463
1317403035.584623290, -418.118, -114.803, 144.849
1317403035.695541857, -418.597, -115.063, 145.243
1317403035.816717123, -419.083, -115.332, 145.659
1317403035.927738396, -419.585, -115.606, 146.078
1317403036.008462795, -420.081, -115.883, 146.508
1317403036.109181207, -420.593, -116.171, 146.954
1317403036.250843172, -421.097, -116.461, 147.413
1317403036.341765371, -421.611, -116.76, 147.889
1317403036.422456877, -422.146, -117.066, 148.37
1317403036.533474986, -422.702, -117.385, 148.872
1317403036.654548097, -423.248, -117.697, 149.363
1317403036.755696835, -423.792, -118.01, 149.856
1317403036.836186353, -424.362, -118.342, 150.386
1317403036.967189138, -424.937, -118.679, 150.926
1317403037.047926676, -425.513, -119.017, 151.469
1317403037.169478922, -426.112, -119.368, 152.033
1317403037.260214107, -426.705, -119.723, 152.611
1317403037.350884310, -427.294, -120.075, 153.187
1317403037.462003577, -427.9, -120.437, 153.777
1317403037.583078321, -428.505, -120.804, 154.385
1317403037.663876942, -429.107, -121.17, 154.991
1317403037.765139382, -429.725, -121.541, 155.601
1317403037.896538852, -430.348, -121.911, 156.206
1317403038.007707303, -430.976, -122.289, 156.831
1317403038.078193000, -431.612, -122.668, 157.454
1317403038.179041445, -432.255, -123.052, 158.086
1317403038.320783530, -432.897, -123.435, 158.718
1317403038.421727921, -433.548, -123.82, 159.349
1317403038.502408366, -434.197, -124.209, 159.996
1317403038.593238827, -434.874, -124.614, 160.664
1317403038.735549366, -435.558, -125.016, 161.322
1317403038.836501259, -436.241, -125.426, 162.006
1317403038.917198123, -436.912, -125.829, 162.677
1317403039.008028806, -437.584, -126.233, 163.35
1317403039.149541237, -438.257, -126.636, 164.024
1317403039.251363436, -438.964, -127.054, 164.715
1317403039.321920856, -439.662, -127.471, 165.41
1317403039.422760408, -440.39, -127.885, 166.079
1317403039.564056104, -441.127, -128.304, 166.758
1317403039.665166523, -441.87, -128.721, 167.427
1317403039.735775866, -442.635, -129.137, 168.079
1317403039.866833161, -443.402, -129.546, 168.71
1317403039.989090023, -444.18, -129.952, 169.329
1317403040.079749406, -444.985, -130.357, 169.927
1317403040.160423784, -445.827, -130.768, 170.52
1317403040.291602464, -446.681, -131.175, 171.092
1317403040.382589443, -447.534, -131.578, 171.657
1317403040.493754944, -448.403, -131.976, 172.201
1317403040.574542224, -449.268, -132.363, 172.719
1317403040.675480316, -450.154, -132.745, 173.21
1317403040.786541850, -451.075, -133.125, 173.679
1317403040.917855952, -451.986, -133.493, 174.124
1317403040.988421891, -452.909, -133.853, 174.546
1317403041.089059122, -453.89, -134.224, 174.962
1317403041.230605355, -454.858, -134.573, 175.336
1317403041.301532639, -455.857, -134.928, 175.708
1317403041.402314336, -456.851, -135.266, 176.044
1317403041.503342572, -457.862, -135.591, 176.342
1317403041.634725931, -458.864, -135.906, 176.62
1317403041.746018694, -459.91, -136.222, 176.882
1317403041.816520082, -460.981, -136.534, 177.123
1317403041.917327597, -462.077, -136.845, 177.35
1317403042.058801628, -463.177, -137.151, 177.567
1317403042.149703652, -464.262, -137.454, 177.788
1317403042.230245387, -465.358, -137.747, 177.983
1317403042.330948262, -466.475, -138.038, 178.161
1317403042.472244114, -467.58, -138.332, 178.355
1317403042.573270607, -468.671, -138.621, 178.544
1317403042.643865184, -469.766, -138.903, 178.718
1317403042.745106307, -470.877, -139.191, 178.902
1317403042.886667412, -471.984, -139.479, 179.086
1317403042.977622375, -473.119, -139.77, 179.266
1317403043.058260562, -474.252, -140.057, 179.438
1317403043.159064484, -475.392, -140.345, 179.609
1317403043.300474516, -476.553, -140.636, 179.78
1317403043.401466023, -477.725, -140.934, 179.962
1317403043.472044708, -478.893, -141.221, 180.122
1317403043.573024694, -480.058, -141.518, 180.311
1317403043.714467535, -481.223, -141.816, 180.504
1317403043.806106868, -482.425, -142.112, 180.671
1317403043.886894137, -483.631, -142.406, 180.834
1317403043.987774074, -484.837, -142.707, 181.015
1317403044.129416165, -486.066, -143.016, 181.207
1317403044.231118963, -487.288, -143.317, 181.381
1317403044.301705240, -488.537, -143.622, 181.554
1317403044.402521943, -489.773, -143.922, 181.72
1317403044.543635205, -491.01, -144.228, 181.903
1317403044.644553121, -492.249, -144.534, 182.083
1317403044.715269706, -493.521, -144.84, 182.247
1317403044.826367385, -494.816, -145.154, 182.418
1317403044.957879962, -496.12, -145.471, 182.593
1317403045.058753357, -497.435, -145.787, 182.763
1317403045.129392305, -498.749, -146.103, 182.931
1317403045.270940176, -500.078, -146.42, 183.094
1317403045.351717382, -501.392, -146.734, 183.258
1317403045.472845591, -502.708, -147.044, 183.413
1317403045.543508738, -504.041, -147.36, 183.573
1317403045.684966433, -505.407, -147.684, 183.739
1317403045.755970250, -506.792, -148.006, 183.891
1317403045.856774838, -508.164, -148.326, 184.043
1317403045.957618108, -509.537, -148.645, 184.194
1317403046.098942821, -510.939, -148.97, 184.347
1317403046.199930323, -512.343, -149.295, 184.498
1317403046.300763764, -513.772, -149.618, 184.633
1317403046.381395619, -515.198, -149.939, 184.764
1317403046.482397010, -516.64, -150.268, 184.908
1317403046.613648425, -518.063, -150.591, 185.046
1317403046.724638058, -519.497, -150.92, 185.193
1317403046.795148496, -520.939, -151.256, 185.353
1317403046.927914922, -522.386, -151.592, 185.511
1317403047.028870136, -523.83, -151.928, 185.668
1317403047.129896984, -525.283, -152.265, 185.823
1317403047.210571325, -526.736, -152.599, 185.973
1317403047.311438524, -528.18, -152.931, 186.119
1317403047.442876227, -529.639, -153.265, 186.268
1317403047.553876083, -531.102, -153.603, 186.422
1317403047.624435730, -532.553, -153.941, 186.581
1317403047.765741319, -534.025, -154.278, 186.729
1317403047.856647911, -535.502, -154.619, 186.887
1317403047.967853518, -536.972, -154.963, 187.054
1317403048.038373721, -538.424, -155.3, 187.214
1317403048.149439167, -539.851, -155.641, 187.395
1317403048.270535724, -541.302, -155.986, 187.571
1317403048.371504759, -542.754, -156.334, 187.754
1317403048.452124340, -544.198, -156.676, 187.927
1317403048.553139719, -545.644, -157.024, 188.112
1317403048.694430713, -547.073, -157.371, 188.305
1317403048.785432876, -548.524, -157.72, 188.492
1317403048.866962112, -549.976, -158.07, 188.68
1317403048.968089670, -551.423, -158.427, 188.885
1317403049.109752003, -552.874, -158.785, 189.091
1317403049.210620025, -554.336, -159.145, 189.293
1317403049.281429778, -555.786, -159.504, 189.502
1317403049.392860741, -557.221, -159.864, 189.72
1317403049.514175158, -558.662, -160.221, 189.925
1317403049.625234810, -560.082, -160.577, 190.137
1317403049.696191174, -561.502, -160.934, 190.353
1317403049.797112886, -562.935, -161.296, 190.574
1317403049.938396742, -564.36, -161.663, 190.808
1317403050.039497029, -565.783, -162.031, 191.048
1317403050.110011622, -567.201, -162.4, 191.29
1317403050.230931393, -568.61, -162.766, 191.529
1317403050.352260330, -570.036, -163.134, 191.761
1317403050.453423566, -571.464, -163.506, 192.004
1317403050.523988015, -572.881, -163.875, 192.243
1317403050.645253778, -574.302, -164.244, 192.479
1317403050.736112992, -575.704, -164.611, 192.721
1317403050.867891326, -577.108, -164.984, 192.976
1317403050.938469529, -578.487, -165.353, 193.234
1317403051.049866864, -579.841, -165.714, 193.485
1317403051.180936457, -581.212, -166.08, 193.737
1317403051.282920903, -582.586, -166.448, 193.991
1317403051.353430147, -583.962, -166.815, 194.24
1317403051.495149367, -585.321, -167.175, 194.481
1317403051.596090051, -586.665, -167.53, 194.712
1317403051.697285263, -588.003, -167.885, 194.947
1317403051.767870989, -589.34, -168.24, 195.18
1317403051.868969004, -590.618, -168.578, 195.402
1317403052.010408051, -591.883, -168.909, 195.611
1317403052.112441979, -593.125, -169.232, 195.81
1317403052.203272506, -594.341, -169.546, 196
1317403052.291880346, -595.556, -169.86, 196.19
1317403052.423415150, -596.727, -170.168, 196.387
1317403052.524363681, -597.861, -170.464, 196.574
1317403052.594904392, -598.962, -170.747, 196.747
1317403052.736265574, -600.039, -171.028, 196.923
1317403052.847394168, -601.073, -171.296, 197.091
1317403052.918114915, -602.101, -171.564, 197.26
1317403053.008857028, -603.074, -171.82, 197.427
1317403053.150116450, -603.997, -172.069, 197.601
1317403053.251000057, -604.883, -172.307, 197.766
1317403053.362129423, -605.723, -172.529, 197.915
1317403053.422613292, -606.507, -172.738, 198.062
1317403053.533749821, -607.247, -172.929, 198.189
1317403053.664902481, -607.945, -173.11, 198.31
1317403053.745740265, -608.619, -173.281, 198.421
1317403053.846601724, -609.256, -173.439, 198.515
1317403053.988079929, -609.858, -173.583, 198.597
1317403054.079167340, -610.462, -173.722, 198.662
1317403054.179979291, -611.054, -173.842, 198.686
1317403054.261093409, -611.635, -173.949, 198.68
1317403054.362029856, -612.185, -174.041, 198.656
1317403054.503873292, -612.751, -174.128, 198.61
1317403054.605377399, -613.312, -174.208, 198.546
1317403054.675972719, -613.837, -174.263, 198.442
1317403054.776761783, -614.324, -174.299, 198.311
1317403054.938579105, -614.792, -174.315, 198.142
1317403055.009099835, -615.275, -174.327, 197.95
1317403055.089766998, -615.759, -174.33, 197.73
1317403055.200655251, -616.211, -174.317, 197.494
1317403055.321958875, -616.64, -174.287, 197.23
1317403055.443263784, -617.061, -174.246, 196.944
1317403055.513884305, -617.46, -174.197, 196.651
1317403055.646407128, -617.84, -174.124, 196.313
1317403055.716879805, -618.188, -174.039, 195.963
1317403055.848104152, -618.513, -173.951, 195.62
1317403055.928644072, -618.832, -173.846, 195.243
1317403056.029562928, -619.109, -173.721, 194.839
1317403056.160777413, -619.387, -173.578, 194.398
1317403056.241624722, -619.644, -173.426, 193.947
1317403056.342650013, -619.846, -173.247, 193.466
1317403056.443534184, -620.018, -173.053, 192.968
1317403056.585092868, -620.187, -172.86, 192.477
1317403056.665748503, -620.301, -172.642, 191.96
1317403056.756439526, -620.392, -172.413, 191.432
1317403056.857406519, -620.461, -172.176, 190.903
1317403056.998815577, -620.497, -171.92, 190.351
1317403057.089559767, -620.501, -171.655, 189.8
1317403057.170287885, -620.469, -171.364, 189.214
1317403057.271187588, -620.41, -171.072, 188.644
1317403057.402467188, -620.318, -170.763, 188.057
1317403057.524034665, -620.213, -170.436, 187.444
1317403057.594543011, -620.092, -170.097, 186.82
1317403057.685285728, -619.943, -169.755, 186.208
1317403057.796309863, -619.772, -169.405, 185.593
1317403057.928080404, -619.581, -169.043, 184.966
1317403057.998569596, -619.379, -168.683, 184.353
1317403058.099406183, -619.169, -168.31, 183.72
1317403058.220482876, -618.93, -167.928, 183.088
1317403058.342765215, -618.679, -167.544, 182.459
1317403058.413410961, -618.41, -167.153, 181.826
1317403058.514226316, -618.125, -166.757, 181.193
1317403058.655501362, -617.818, -166.363, 180.577
1317403058.746866372, -617.494, -165.962, 179.956
1317403058.827762817, -617.153, -165.567, 179.355
1317403058.948727870, -616.791, -165.168, 178.76
1317403059.069929474, -616.401, -164.763, 178.168
1317403059.172377647, -615.983, -164.354, 177.581
1317403059.243080364, -615.559, -163.948, 177.007
1317403059.354045529, -615.105, -163.542, 176.447
1317403059.485349576, -614.643, -163.134, 175.886
1317403059.586541370, -614.166, -162.725, 175.333
1317403059.657111478, -613.69, -162.317, 174.775
1317403059.788252236, -613.205, -161.901, 174.203
1317403059.889363042, -612.716, -161.487, 173.631
1317403060.000959117, -612.21, -161.053, 173.027
1317403060.071606816, -611.696, -160.617, 172.419
1317403060.182982477, -611.167, -160.179, 171.817
1317403060.314250998, -610.642, -159.741, 171.211
1317403060.416380159, -610.105, -159.293, 170.588
1317403060.486793103, -609.572, -158.846, 169.964
1317403060.628122440, -609.046, -158.404, 169.346
1317403060.729138659, -608.523, -157.957, 168.712
1317403060.800124036, -608, -157.509, 168.077
1317403060.901115113, -607.48, -157.064, 167.445
1317403061.042634074, -606.944, -156.614, 166.816
1317403061.143732675, -606.401, -156.151, 166.16
1317403061.235395210, -605.849, -155.683, 165.496
1317403061.316058999, -605.288, -155.213, 164.837
1317403061.457478387, -604.726, -154.744, 164.177
1317403061.558493585, -604.17, -154.279, 163.52
1317403061.660844661, -603.616, -153.815, 162.873
1317403061.731370204, -603.063, -153.347, 162.213
1317403061.872682119, -602.512, -152.879, 161.549
1317403061.963556580, -601.959, -152.412, 160.89
1317403062.075711962, -601.403, -151.945, 160.23
1317403062.146308977, -600.865, -151.482, 159.563
1317403062.267486516, -600.318, -151.016, 158.896
1317403062.388810388, -599.755, -150.546, 158.228
1317403062.490553502, -599.212, -150.088, 157.573
1317403062.560944876, -598.682, -149.636, 156.922
1317403062.702403164, -598.142, -149.187, 156.283
1317403062.803453787, -597.606, -148.745, 155.656
1317403062.894956527, -597.082, -148.306, 155.027
1317403062.975581488, -596.551, -147.865, 154.395
1317403063.117093096, -596.025, -147.43, 153.773
1317403063.218172500, -595.517, -147.001, 153.148
1317403063.319647854, -595.012, -146.576, 152.53
1317403063.390296027, -594.505, -146.156, 151.925
1317403063.541599974, -594.022, -145.743, 151.312
1317403063.632545214, -593.542, -145.337, 150.715
1317403063.713435372, -593.063, -144.931, 150.117
1317403063.804061188, -592.599, -144.543, 149.55
1317403063.945288652, -592.166, -144.169, 148.991
1317403064.046796611, -591.737, -143.804, 148.451
1317403064.147743793, -591.327, -143.45, 147.919
1317403064.218298025, -590.931, -143.113, 147.421
1317403064.359715893, -590.537, -142.777, 146.922
1317403064.460826841, -590.188, -142.467, 146.448
1317403064.571827758, -589.842, -142.168, 146.002
1317403064.642258662, -589.501, -141.871, 145.553
1317403064.773527018, -589.197, -141.598, 145.135
1317403064.854451376, -588.902, -141.341, 144.75
1317403064.975649965, -588.625, -141.096, 144.381
1317403065.056362076, -588.384, -140.876, 144.045
1317403065.187748330, -588.155, -140.67, 143.736
1317403065.288750910, -587.944, -140.479, 143.452
1317403065.379615877, -587.738, -140.3, 143.193
1317403065.470501748, -587.546, -140.131, 142.951
1317403065.602397058, -587.356, -139.964, 142.707
1317403065.703271741, -587.19, -139.812, 142.482
1317403065.783922646, -587.044, -139.678, 142.289
1317403065.884850611, -586.898, -139.545, 142.095
1317403066.006172389, -586.765, -139.425, 141.926
1317403066.127554353, -586.655, -139.318, 141.769
1317403066.208367803, -586.524, -139.208, 141.625
1317403066.299057251, -586.396, -139.1, 141.481
1317403066.440316358, -586.273, -138.99, 141.325
1317403066.520970758, -586.155, -138.885, 141.176
1317403066.642194765, -586.045, -138.784, 141.031
1317403066.712734436, -585.933, -138.684, 140.887
1317403066.833893986, -585.824, -138.584, 140.738
1317403066.965213666, -585.709, -138.484, 140.595
1317403067.045960351, -585.594, -138.384, 140.452
1317403067.126722072, -585.478, -138.287, 140.317
1317403067.258222231, -585.379, -138.19, 140.164
1317403067.369224137, -585.276, -138.093, 140.014
1317403067.470081260, -585.189, -138.002, 139.862
1317403067.540620624, -585.097, -137.912, 139.718
1317403067.681992232, -584.992, -137.819, 139.581
1317403067.762906854, -584.882, -137.725, 139.442
1317403067.884124950, -584.78, -137.639, 139.321
1317403067.954846755, -584.677, -137.556, 139.207
1317403068.086117280, -584.586, -137.478, 139.096
1317403068.197515518, -584.489, -137.402, 138.996
1317403068.298690855, -584.391, -137.327, 138.896
1317403068.369329712, -584.294, -137.251, 138.797
1317403068.500916059, -584.214, -137.187, 138.712
1317403068.591887268, -584.137, -137.123, 138.624
1317403068.713481272, -584.049, -137.05, 138.519
1317403068.783953907, -583.959, -136.977, 138.417
1317403068.925228163, -583.87, -136.903, 138.311
1317403069.026263030, -583.781, -136.83, 138.204
1317403069.117657257, -583.699, -136.762, 138.108
1317403069.208368856, -583.609, -136.689, 138.004
1317403069.339693885, -583.519, -136.616, 137.899
1317403069.440819327, -583.428, -136.543, 137.796
1317403069.532582006, -583.327, -136.466, 137.689
1317403069.613222961, -583.213, -136.382, 137.575
1317403069.734323378, -583.102, -136.292, 137.437
1317403069.855752585, -582.976, -136.189, 137.278
1317403069.957802053, -582.825, -136.07, 137.098
1317403070.028389151, -582.664, -135.937, 136.889
1317403070.169546269, -582.489, -135.796, 136.669
1317403070.250387923, -582.297, -135.64, 136.424
1317403070.372469618, -582.111, -135.486, 136.173
1317403070.443027164, -581.921, -135.321, 135.899
1317403070.574541053, -581.71, -135.145, 135.617
1317403070.685626666, -581.488, -134.953, 135.3
1317403070.756191383, -581.253, -134.75, 134.965
1317403070.856790001, -581.023, -134.548, 134.628
1317403070.998286193, -580.798, -134.336, 134.258
1317403071.068811215, -580.552, -134.108, 133.862
1317403071.200162556, -580.3, -133.872, 133.452
1317403071.270743562, -580.052, -133.631, 133.022
1317403071.432488551, -579.796, -133.378, 132.567
1317403071.503159751, -579.532, -133.115, 132.092
1317403071.614253877, -579.271, -132.853, 131.614
1317403071.684678059, -579.007, -132.577, 131.098
1317403071.825985740, -578.732, -132.297, 130.579
1317403071.917732564, -578.461, -132.013, 130.047
1317403072.029006011, -578.19, -131.724, 129.496
1317403072.099663620, -577.904, -131.423, 128.925
1317403072.230954942, -577.63, -131.122, 128.339
1317403072.346464653, -577.35, -130.809, 127.727
1317403072.447922923, -577.038, -130.48, 127.096
1317403072.518469173, -576.716, -130.136, 126.437
1317403072.629443526, -576.399, -129.798, 125.791
1317403072.760617860, -576.081, -129.452, 125.122
1317403072.851635171, -575.75, -129.09, 124.418
1317403072.932168334, -575.404, -128.718, 123.706
1317403073.083790437, -575.066, -128.344, 122.979
1317403073.174764467, -574.723, -127.975, 122.273
1317403073.276985580, -574.375, -127.598, 121.549
1317403073.347742071, -574.001, -127.195, 120.773
1317403073.489297539, -573.631, -126.8, 120.018
1317403073.580379095, -573.279, -126.412, 119.264
1317403073.691920927, -572.927, -126.026, 118.514
1317403073.772682624, -572.57, -125.633, 117.749
1317403073.874151813, -572.219, -125.244, 116.989
1317403073.995388807, -571.865, -124.859, 116.243
1317403074.106828459, -571.515, -124.468, 115.474
1317403074.177489059, -571.161, -124.073, 114.701
1317403074.308783065, -570.801, -123.678, 113.933
1317403074.419744063, -570.446, -123.285, 113.166
1317403074.521591441, -570.102, -122.902, 112.416
1317403074.592173796, -569.766, -122.518, 111.658
1317403074.733596913, -569.414, -122.135, 110.92
1317403074.834636730, -569.061, -121.748, 110.176
1317403074.946115997, -568.715, -121.351, 109.39
1317403075.016813048, -568.365, -120.963, 108.638
1317403075.107735263, -568.023, -120.573, 107.87
1317403075.249212195, -567.675, -120.174, 107.083
1317403075.330667119, -567.318, -119.78, 106.318
1317403075.421572850, -566.967, -119.388, 105.558
1317403075.563038756, -566.618, -118.996, 104.793
1317403075.654077264, -566.269, -118.599, 104.014
1317403075.735277263, -565.909, -118.198, 103.235
1317403075.836061462, -565.547, -117.793, 102.446
1317403075.947391283, -565.175, -117.387, 101.663
1317403076.078441545, -564.818, -116.985, 100.872
1317403076.169399972, -564.463, -116.583, 100.08
1317403076.250102565, -564.096, -116.172, 99.2724
1317403076.391860717, -563.742, -115.769, 98.4727
1317403076.482726322, -563.383, -115.358, 97.6552
1317403076.593698071, -563.018, -114.942, 96.8319
1317403076.664115538, -562.667, -114.532, 96.0083
1317403076.805681600, -562.329, -114.127, 95.1886
1317403076.896535071, -561.975, -113.72, 94.3771
1317403077.007776570, -561.62, -113.314, 93.5721
1317403077.078436813, -561.297, -112.918, 92.7601
1317403077.219668883, -560.966, -112.526, 91.9701
1317403077.331734458, -560.638, -112.139, 91.1881
1317403077.402413100, -560.31, -111.745, 90.3875
1317403077.493216538, -559.997, -111.361, 89.597
1317403077.634359576, -559.682, -110.975, 88.8007
1317403077.725662829, -559.381, -110.598, 88.0188
1317403077.857005479, -559.075, -110.219, 87.2303
1317403077.917614647, -558.781, -109.843, 86.4355
1317403078.018532830, -558.481, -109.469, 85.6543
1317403078.151408010, -558.177, -109.096, 84.8798
1317403078.232417632, -557.867, -108.721, 84.1058
1317403078.323035558, -557.568, -108.358, 83.355
1317403078.464482445, -557.271, -107.996, 82.6037
1317403078.545329546, -556.977, -107.637, 81.8573
1317403078.676587089, -556.694, -107.285, 81.1235
1317403078.747082705, -556.416, -106.935, 80.3856
1317403078.878327582, -556.14, -106.585, 79.6474
1317403078.981080532, -555.874, -106.246, 78.9335
1317403079.081869234, -555.607, -105.906, 78.2164
1317403079.152432514, -555.357, -105.582, 77.5344
1317403079.283563963, -555.111, -105.266, 76.8744
1317403079.384934324, -554.857, -104.95, 76.2263
1317403079.485831680, -554.625, -104.653, 75.6166
1317403079.576701592, -554.399, -104.366, 75.03
1317403079.687792477, -554.178, -104.092, 74.4822
1317403079.809022768, -553.972, -103.828, 73.9488
1317403079.889765092, -553.782, -103.574, 73.4293
1317403079.990662978, -553.586, -103.318, 72.9117
1317403080.122021192, -553.393, -103.069, 72.4153
1317403080.223090882, -553.216, -102.835, 71.9443
1317403080.324084140, -553.048, -102.612, 71.4991
1317403080.404855206, -552.878, -102.389, 71.058
1317403080.536720619, -552.715, -102.169, 70.6166
1317403080.637759435, -552.571, -101.966, 70.2059
1317403080.718479884, -552.425, -101.759, 69.7858
1317403080.819393938, -552.289, -101.563, 69.3866
1317403080.930664529, -552.144, -101.368, 69.0031
1317403081.051976259, -552.003, -101.177, 68.6259
1317403081.162935766, -551.86, -100.988, 68.2572
1317403081.233635523, -551.725, -100.808, 67.9049
1317403081.345492553, -551.594, -100.638, 67.5799
1317403081.466835623, -551.474, -100.469, 67.2436
1317403081.547860433, -551.356, -100.305, 66.9219
1317403081.648571552, -551.234, -100.143, 66.6066
1317403081.779595963, -551.128, -99.9985, 66.3298
1317403081.850501152, -551.012, -99.8541, 66.0634
1317403081.991976837, -550.895, -99.7063, 65.7865
1317403082.062680989, -550.78, -99.5581, 65.5065
1317403082.173731598, -550.681, -99.4222, 65.2453
1317403082.274660033, -550.585, -99.2876, 64.9825
1317403082.395775521, -550.503, -99.1609, 64.7265
1317403082.476695444, -550.424, -99.0463, 64.503
1317403082.607914576, -550.352, -98.9322, 64.2739
1317403082.698898418, -550.285, -98.8275, 64.066
1317403082.820170856, -550.228, -98.7299, 63.8682
1317403082.900893153, -550.154, -98.6343, 63.6964
1317403083.001994205, -550.107, -98.5519, 63.5327
1317403083.133656017, -550.049, -98.4689, 63.3814
1317403083.234894635, -550.004, -98.3923, 63.2321
1317403083.305722485, -549.967, -98.3191, 63.0833
1317403083.447275755, -549.93, -98.2464, 62.9351
1317403083.517893628, -549.892, -98.1837, 62.8178
1317403083.649236459, -549.857, -98.1239, 62.7042
1317403083.719987920, -549.82, -98.0611, 62.5841
1317403083.851255283, -549.796, -98.007, 62.4745
1317403083.962255742, -549.775, -97.9557, 62.3682
1317403084.063400650, -549.741, -97.9115, 62.2992
1317403084.134032510, -549.705, -97.8653, 62.2256
1317403084.275674023, -549.662, -97.8183, 62.1565
1317403084.376838650, -549.629, -97.772, 62.0771
1317403084.477875635, -549.594, -97.728, 62.006
1317403084.548442826, -549.581, -97.6912, 61.9302
1317403084.669684066, -549.573, -97.6558, 61.852
1317403084.790985646, -549.548, -97.618, 61.7868
1317403084.881884022, -549.522, -97.5825, 61.7289
1317403084.962506322, -549.496, -97.5471, 61.6709
1317403085.103875780, -549.477, -97.5176, 61.6205
1317403085.204828521, -549.466, -97.492, 61.5725
1317403085.275489565, -549.465, -97.4722, 61.5291
1317403085.376197956, -549.464, -97.4543, 61.4902
1317403085.487426732, -549.464, -97.4396, 61.4595
1317403085.618815514, -549.464, -97.426, 61.4318
1317403085.709855674, -549.444, -97.4062, 61.4089
1317403085.790425068, -549.429, -97.3917, 61.3947
1317403085.901139751, -549.414, -97.3776, 61.3811
1317403086.033654346, -549.405, -97.3671, 61.3706
1317403086.114433433, -549.396, -97.3564, 61.3598
1317403086.215341903, -549.387, -97.3442, 61.3433
1317403086.347517291, -549.391, -97.3382, 61.3289
1317403086.448514849, -549.394, -97.3298, 61.3093
1317403086.549604882, -549.379, -97.3168, 61.2967
1317403086.620166759, -549.378, -97.3062, 61.2754
1317403086.761357958, -549.385, -97.3, 61.2556
1317403086.832013554, -549.392, -97.2935, 61.2352
1317403086.963160363, -549.384, -97.2778, 61.2066
1317403087.033648612, -549.37, -97.2562, 61.169
1317403087.155073983, -549.348, -97.237, 61.1459
1317403087.277686255, -549.339, -97.2214, 61.1176
1317403087.358627964, -549.331, -97.2059, 61.0886
1317403087.449402473, -549.32, -97.1833, 61.0435
1317403087.590678640, -549.308, -97.1632, 61.006
1317403087.692524595, -549.298, -97.1388, 60.9546
1317403087.773572681, -549.288, -97.1145, 60.9033
1317403087.864440378, -549.277, -97.0901, 60.8522
1317403088.005927803, -549.258, -97.0618, 60.8007
1317403088.107421929, -549.238, -97.0268, 60.7311
1317403088.188285262, -549.229, -96.9869, 60.635
1317403088.278848514, -549.214, -96.9432, 60.5366
1317403088.420289980, -549.202, -96.9047, 60.4492
1317403088.532145129, -549.184, -96.8593, 60.3501
1317403088.623019038, -549.163, -96.8179, 60.2659
1317403088.693583108, -549.141, -96.7763, 60.1817
1317403088.804560778, -549.116, -96.7319, 60.0936
1317403088.936827925, -549.09, -96.6884, 60.0084
1317403089.017568253, -549.064, -96.6416, 59.9149
1317403089.108304009, -549.032, -96.5867, 59.8068
1317403089.249840804, -548.99, -96.5325, 59.7103
1317403089.351494241, -548.948, -96.4781, 59.6138
1317403089.432305036, -548.906, -96.424, 59.5189
1317403089.523064290, -548.864, -96.3654, 59.4114
1317403089.664564012, -548.839, -96.3206, 59.323
1317403089.745239323, -548.814, -96.2722, 59.2236
1317403089.866437836, -548.785, -96.227, 59.1384
1317403089.947188623, -548.765, -96.1849, 59.0513
1317403090.078616096, -548.75, -96.1484, 58.9734
1317403090.181153644, -548.734, -96.1109, 58.8943
1317403090.261993014, -548.723, -96.0804, 58.8296
1317403090.352825120, -548.708, -96.0533, 58.7773
1317403090.494202124, -548.703, -96.0314, 58.728
1317403090.565078232, -548.689, -96.0149, 58.7035
1317403090.696397183, -548.688, -96.0077, 58.6893
1317403090.777059711, -548.699, -96.0048, 58.6735
1317403090.878002778, -548.695, -95.9995, 58.6686
1317403090.999949874, -548.689, -95.9951, 58.6667
1317403091.110876392, -548.692, -95.9902, 58.6548
1317403091.181410533, -548.692, -95.9818, 58.6357
1317403091.322633864, -548.693, -95.9725, 58.6122
1317403091.393361788, -548.693, -95.9688, 58.6061
1317403091.524419940, -548.691, -95.9618, 58.5925
1317403091.605075116, -548.689, -95.956, 58.5819
1317403091.736388433, -548.682, -95.9472, 58.5687
1317403091.827143533, -548.678, -95.939, 58.5539
1317403091.938194175, -548.663, -95.9309, 58.5509
1317403092.018944551, -548.651, -95.9256, 58.5513
1317403092.151128514, -548.651, -95.9214, 58.5427
1317403092.251998933, -548.656, -95.9203, 58.5371
1317403092.352942761, -548.665, -95.9165, 58.5187
1317403092.433515035, -548.666, -95.9172, 58.5215
[0m[ INFO] [1556639420.050542684]: [1;32m---->[0m Map Optimization Started.[0m
pubLaserCloudSurround.getNumSubscribers() == 0
[0m[ INFO] [1556639420.042190367]: [1;32m---->[0m Image Projection Started.[0m
[0m[ INFO] [1556639420.044930400]: [1;32m---->[0m Feature Association Started.[0m
... logging to /home/justin/.ros/log/a7d7b466-6b5f-11e9-814a-9cb6d0b9893f/roslaunch-justin-xps-22172.log
Checking log directory for disk usage. This may take awhile.
Press Ctrl-C to interrupt
Done checking log file disk usage. Usage is <1GB.
]2;/home/justin/catkin_ws/src/LeGO-LOAM/LeGO-LOAM/launch/run.launch
[1mstarted roslaunch server http://justin-xps:34641/[0m

SUMMARY
========

PARAMETERS
 * /rosdistro: kinetic
 * /rosversion: 1.12.14
 * /use_sim_time: True

NODES
  /
    base_link_to_camera (tf/static_transform_publisher)
    camera_init_to_map (tf/static_transform_publisher)
    featureAssociation (lego_loam/featureAssociation)
    imageProjection (lego_loam/imageProjection)
    mapOptmization (lego_loam/mapOptmization)
    player (rosbag/play)
    rviz (rviz/rviz)
    transformFusion (lego_loam/transformFusion)

auto-starting new master
[1mprocess[master]: started with pid [22182][0m
[1mROS_MASTER_URI=http://localhost:11311[0m
]2;/home/justin/catkin_ws/src/LeGO-LOAM/LeGO-LOAM/launch/run.launch http://localhost:11311
[1msetting /run_id to a7d7b466-6b5f-11e9-814a-9cb6d0b9893f[0m
[1mprocess[rosout-1]: started with pid [22195][0m
started core service [/rosout]
[1mprocess[rviz-2]: started with pid [22202][0m
[1mprocess[camera_init_to_map-3]: started with pid [22216][0m
[1mprocess[base_link_to_camera-4]: started with pid [22221][0m
[1mprocess[imageProjection-5]: started with pid [22229][0m
[1mprocess[featureAssociation-6]: started with pid [22248][0m
[1mprocess[mapOptmization-7]: started with pid [22263][0m
[1mprocess[transformFusion-8]: started with pid [22281][0m
[1mprocess[player-9]: started with pid [22289][0m
[1m[player-9] process has finished cleanly
log file: /home/justin/.ros/log/a7d7b466-6b5f-11e9-814a-9cb6d0b9893f/player-9*.log[0m
[1m[rviz-2] process has finished cleanly
log file: /home/justin/.ros/log/a7d7b466-6b5f-11e9-814a-9cb6d0b9893f/rviz-2*.log[0m
[transformFusion-8] killing on exit
[mapOptmization-7] killing on exit
[featureAssociation-6] killing on exit
[imageProjection-5] killing on exit
[base_link_to_camera-4] killing on exit
[camera_init_to_map-3] killing on exit
[rosout-1] killing on exit
[master] killing on exit
shutting down processing monitor...
... shutting down processing monitor complete
[1mdone[0m
