[0m[ INFO] [1556597097.036666439]: [1;32m---->[0m Feature Association Started.[0m
FeatureAssociation time, 1523929958.450288920, FeatureAssociation time, 1523929958.530942986, 1523929958.530942986
FeatureAssociation time, 1523929958.611543306, 1523929958.611543306
FeatureAssociation time, 1523929958.742468066, 1523929958.742468066
FeatureAssociation time, 1523929958.863751284, 1523929958.863751284
FeatureAssociation time, 1523929958.964774264, 1523929958.964774264
FeatureAssociation time, 1523929959.065745231, 1523929959.065745231
FeatureAssociation time, 1523929959.166535097, 1523929959.166535097
FeatureAssociation time, 1523929959.287551207, 1523929959.287551207
FeatureAssociation time, 1523929959.398932221, 1523929959.398932221
FeatureAssociation time, 1523929959.469724733, 1523929959.469724733
FeatureAssociation time, 1523929959.591002028, 1523929959.591002028
FeatureAssociation time, 1523929959.702200079, 1523929959.702200079
FeatureAssociation time, 1523929959.813237339, 1523929959.813237339
FeatureAssociation time, 1523929959.873748229, 1523929959.873748229
FeatureAssociation time, 1523929960.015449012, 1523929960.015449012
FeatureAssociation time, 1523929960.096294932, 1523929960.096294932
FeatureAssociation time, 1523929960.217382699, 1523929960.217382699
FeatureAssociation time, 1523929960.308026037, 1523929960.308026037
FeatureAssociation time, 1523929960.398881062, 1523929960.398881062
FeatureAssociation time, 1523929960.519972316, 1523929960.519972316
FeatureAssociation time, 1523929960.610729091, 1523929960.610729091
FeatureAssociation time, 1523929960.741771361, 1523929960.741771361
FeatureAssociation time, 1523929960.842739219, 1523929960.842739219
FeatureAssociation time, 1523929960.953797313, 1523929960.953797313
FeatureAssociation time, 1523929961.044651878, 1523929961.044651878
FeatureAssociation time, 1523929961.135523770, 1523929961.135523770
FeatureAssociation time, 1523929961.256954428, 1523929961.256954428
FeatureAssociation time, 1523929961.367803435, 1523929961.367803435
FeatureAssociation time, 1523929961.469981943, 1523929961.469981943
FeatureAssociation time, 1523929961.540730848, 1523929961.540730848
FeatureAssociation time, 1523929961.662145064, 1523929961.662145064
FeatureAssociation time, 1523929961.783391569, 1523929961.783391569
FeatureAssociation time, 1523929961.874383051, 1523929961.874383051
FeatureAssociation time, 1523929961.955240502, 1523929961.955240502
FeatureAssociation time, 1523929962.086780894, 1523929962.086780894
FeatureAssociation time, 1523929962.177635511, 1523929962.177635511
FeatureAssociation time, 1523929962.288880194, 1523929962.288880194
FeatureAssociation time, 1523929962.379980119, 1523929962.390104273
FeatureAssociation time, 1523929962.481131870, 1523929962.481131870
FeatureAssociation time, 1523929962.612474095, 1523929962.612474095
FeatureAssociation time, 1523929962.713260178, 1523929962.713260178
FeatureAssociation time, 1523929962.773720669, 1523929962.773720669
FeatureAssociation time, 1523929962.894671676, 1523929962.894671676
FeatureAssociation time, 1523929962.995413152, 1523929962.995413152
FeatureAssociation time, 1523929963.126513092, 1523929963.126513092
FeatureAssociation time, 1523929963.187027258, 1523929963.187027258
FeatureAssociation time, 1523929963.328552169, 1523929963.328552169
FeatureAssociation time, 1523929963.439757083, 1523929963.439757083
FeatureAssociation time, 1523929963.530737083, 1523929963.530737083
FeatureAssociation time, 1523929963.611631059, 1523929963.611631059
FeatureAssociation time, 1523929963.754537294, 1523929963.754537294
FeatureAssociation time, 1523929963.835808097, 1523929963.835808097
FeatureAssociation time, 1523929963.937151773, 1523929963.937151773
FeatureAssociation time, 1523929964.028175898, 1523929964.028175898
FeatureAssociation time, 1523929964.159702169, 1523929964.159702169
FeatureAssociation time, 1523929964.270793062, 1523929964.270793062
FeatureAssociation time, 1523929964.362093139, 1523929964.362093139
FeatureAssociation time, 1523929964.443104407, 1523929964.443104407
FeatureAssociation time, 1523929964.585613165, 1523929964.585613165
FeatureAssociation time, 1523929964.676507604, 1523929964.676507604
FeatureAssociation time, 1523929964.777526211, 1523929964.777526211
FeatureAssociation time, 1523929964.898704130, 1523929964.898704130
FeatureAssociation time, 1523929964.999866615, 1523929964.999866615
FeatureAssociation time, 1523929965.090725162, 1523929965.090725162
FeatureAssociation time, 1523929965.212365724, 1523929965.212365724
FeatureAssociation time, 1523929965.283388713, 1523929965.283388713
FeatureAssociation time, 1523929965.394454034, 1523929965.394454034
FeatureAssociation time, 1523929965.525898669, 1523929965.525898669
FeatureAssociation time, 1523929965.636967861, 1523929965.636967861
FeatureAssociation time, 1523929965.707795808, 1523929965.707795808
FeatureAssociation time, 1523929965.819483750, 1523929965.819483750
FeatureAssociation time, 1523929965.930701954, 1523929965.930701954
FeatureAssociation time, 1523929966.042821016, 1523929966.042821016
FeatureAssociation time, 1523929966.103331906, 1523929966.103331906
FeatureAssociation time, 1523929966.256128626, 1523929966.256128626
FeatureAssociation time, 1523929966.357277788, 1523929966.357277788
FeatureAssociation time, 1523929966.458206553, 1523929966.458206553
FeatureAssociation time, 1523929966.538907138, 1523929966.538907138
FeatureAssociation time, 1523929966.640368254, 1523929966.640368254
FeatureAssociation time, 1523929966.771747294, 1523929966.771747294
FeatureAssociation time, 1523929966.853890263, 1523929966.853890263
FeatureAssociation time, 1523929966.944761426, 1523929966.944761426
FeatureAssociation time, 1523929967.065956641, 1523929967.065956641
FeatureAssociation time, 1523929967.177280464, 1523929967.177280464
FeatureAssociation time, 1523929967.278427377, 1523929967.278427377
FeatureAssociation time, 1523929967.349073658, 1523929967.349073658
FeatureAssociation time, 1523929967.500830040, 1523929967.500830040
FeatureAssociation time, 1523929967.582156871, 1523929967.582156871
FeatureAssociation time, 1523929967.703893146, 1523929967.703893146
FeatureAssociation time, 1523929967.774522446, 1523929967.774522446
FeatureAssociation time, 1523929967.936166617, 1523929967.936166617
FeatureAssociation time, 1523929968.038575559, 1523929968.038575559
FeatureAssociation time, 1523929968.119482232, 1523929968.119482232
FeatureAssociation time, 1523929968.179964982, 1523929968.179964982
FeatureAssociation time, 1523929968.331612555, 1523929968.331612555
FeatureAssociation time, 1523929968.452725406, 1523929968.452725406
FeatureAssociation time, 1523929968.533638064, 1523929968.533638064
FeatureAssociation time, 1523929968.624671230, 1523929968.624671230
FeatureAssociation time, 1523929968.735550559, 1523929968.735550559
FeatureAssociation time, 1523929968.846414437, 1523929968.846414437
FeatureAssociation time, 1523929968.957477502, 1523929968.957477502
FeatureAssociation time, 1523929969.018107437, 1523929969.018107437
FeatureAssociation time, 1523929969.159537760, 1523929969.159537760
FeatureAssociation time, 1523929969.260699817, 1523929969.260699817
FeatureAssociation time, 1523929969.392162033, 1523929969.392162033
FeatureAssociation time, 1523929969.452676077, 1523929969.452676077
FeatureAssociation time, 1523929969.574054896, 1523929969.574054896
FeatureAssociation time, 1523929969.685095052, 1523929969.685095052
FeatureAssociation time, 1523929969.785923924, 1523929969.785923924
FeatureAssociation time, 1523929969.877067515, 1523929969.877067515
FeatureAssociation time, 1523929969.978166224, 1523929969.978166224
FeatureAssociation time, 1523929970.099884975, 1523929970.099884975
FeatureAssociation time, 1523929970.190949055, 1523929970.190949055
FeatureAssociation time, 1523929970.281920446, 1523929970.281920446
FeatureAssociation time, 1523929970.403129986, 1523929970.403129986
FeatureAssociation time, 1523929970.514399298, 1523929970.514399298
FeatureAssociation time, 1523929970.595234419, 1523929970.595234419
FeatureAssociation time, 1523929970.706428528, 1523929970.706428528
FeatureAssociation time, 1523929970.828544885, 1523929970.828544885
FeatureAssociation time, 1523929970.919478708, 1523929970.919478708
FeatureAssociation time, 1523929971.040683040, 1523929971.040683040
FeatureAssociation time, 1523929971.101148540, 1523929971.101148540
FeatureAssociation time, 1523929971.243064205, 1523929971.243064205
FeatureAssociation time, 1523929971.323908458, 1523929971.323908458
FeatureAssociation time, 1523929971.425000634, 1523929971.425000634
FeatureAssociation time, 1523929971.515892515, 1523929971.515892515
FeatureAssociation time, 1523929971.647227725, 1523929971.647227725
FeatureAssociation time, 1523929971.758403165, 1523929971.758403165
FeatureAssociation time, 1523929971.829172758, 1523929971.829172758
FeatureAssociation time, 1523929971.950334600, 1523929971.950334600
FeatureAssociation time, 1523929972.071556842, 1523929972.071556842
FeatureAssociation time, 1523929972.172876188, 1523929972.172876188
FeatureAssociation time, 1523929972.284037421, 1523929972.284037421
FeatureAssociation time, 1523929972.354611930, 1523929972.354611930
FeatureAssociation time, 1523929972.486128232, 1523929972.486128232
FeatureAssociation time, 1523929972.577134455, 1523929972.577134455
FeatureAssociation time, 1523929972.678191628, 1523929972.678191628
FeatureAssociation time, 1523929972.759518696, 1523929972.759518696
FeatureAssociation time, 1523929972.890698550, 1523929972.890698550
FeatureAssociation time, 1523929972.991729929, 1523929972.991729929
FeatureAssociation time, 1523929973.092823115, 1523929973.092823115
FeatureAssociation time, 1523929973.173597712, 1523929973.173597712
FeatureAssociation time, 1523929973.315114434, 1523929973.315114434
FeatureAssociation time, 1523929973.385666465, 1523929973.385666465
FeatureAssociation time, 1523929973.506885815, 1523929973.506885815
FeatureAssociation time, 1523929973.597634096, 1523929973.597634096
FeatureAssociation time, 1523929973.708763763, 1523929973.708763763
FeatureAssociation time, 1523929973.820742863, 1523929973.820742863
FeatureAssociation time, 1523929973.931711714, 1523929973.931711714
FeatureAssociation time, 1523929973.992133529, 1523929973.992133529
FeatureAssociation time, 1523929974.133820189, 1523929974.133820189
FeatureAssociation time, 1523929974.234860967, 1523929974.234860967
FeatureAssociation time, 1523929974.356039248, 1523929974.356039248
FeatureAssociation time, 1523929974.426589926, 1523929974.426589926
FeatureAssociation time, 1523929974.558025364, 1523929974.558025364
FeatureAssociation time, 1523929974.648895705, 1523929974.648895705
FeatureAssociation time, 1523929974.760120531, 1523929974.760120531
FeatureAssociation time, 1523929974.850984715, 1523929974.850984715
FeatureAssociation time, 1523929974.982305923, 1523929974.992383525
FeatureAssociation time, 1523929975.063050265, 1523929975.063050265
FeatureAssociation time, 1523929975.164183629, 1523929975.164183629
FeatureAssociation time, 1523929975.255086472, 1523929975.255086472
FeatureAssociation time, 1523929975.376150494, 1523929975.376150494
FeatureAssociation time, 1523929975.488324555, 1523929975.488324555
FeatureAssociation time, 1523929975.599272319, 1523929975.599272319
FeatureAssociation time, 1523929975.659858732, 1523929975.659858732
FeatureAssociation time, 1523929975.801649701, 1523929975.801649701
FeatureAssociation time, 1523929975.903021891, 1523929975.903021891
FeatureAssociation time, 1523929976.024405553, 1523929976.024405553
FeatureAssociation time, 1523929976.105063461, 1523929976.105063461
FeatureAssociation time, 1523929976.216591995, 1523929976.216591995
FeatureAssociation time, 1523929976.317739930, 1523929976.317739930
FeatureAssociation time, 1523929976.419781016, 1523929976.419781016
FeatureAssociation time, 1523929976.520712147, 1523929976.520712147
FeatureAssociation time, 1523929976.632076714, 1523929976.632076714
FeatureAssociation time, 1523929976.753300668, 1523929976.753300668
FeatureAssociation time, 1523929976.834146150, 1523929976.834146150
FeatureAssociation time, 1523929976.914829640, 1523929976.914829640
FeatureAssociation time, 1523929977.046115591, 1523929977.046115591
FeatureAssociation time, 1523929977.157331655, 1523929977.157331655
FeatureAssociation time, 1523929977.259763074, 1523929977.259763074
FeatureAssociation time, 1523929977.340415182, 1523929977.340415182
FeatureAssociation time, 1523929977.471714642, 1523929977.471714642
FeatureAssociation time, 1523929977.592971067, 1523929977.592971067
FeatureAssociation time, 1523929977.653598195, 1523929977.653598195
FeatureAssociation time, 1523929977.754857612, 1523929977.754857612
FeatureAssociation time, 1523929977.906442241, 1523929977.906442241
FeatureAssociation time, 1523929977.977051990, 1523929977.977051990
FeatureAssociation time, 1523929978.088140510, 1523929978.088140510
FeatureAssociation time, 1523929978.158685064, 1523929978.158685064
FeatureAssociation time, 1523929978.290022549, 1523929978.290022549
FeatureAssociation time, 1523929978.391084516, 1523929978.391084516
FeatureAssociation time, 1523929978.492267041, 1523929978.492267041
FeatureAssociation time, 1523929978.593467306, 1523929978.593467306
FeatureAssociation time, 1523929978.704582420, 1523929978.704582420
FeatureAssociation time, 1523929978.816374167, 1523929978.816374167
FeatureAssociation time, 1523929978.917468605, 1523929978.917468605
FeatureAssociation time, 1523929978.998365085, 1523929978.998365085
FeatureAssociation time, 1523929979.129838043, 1523929979.129838043
FeatureAssociation time, 1523929979.231071783, 1523929979.231071783
FeatureAssociation time, 1523929979.342241938, 1523929979.342241938
FeatureAssociation time, 1523929979.412873912, 1523929979.412873912
FeatureAssociation time, 1523929979.544467777, 1523929979.544467777
FeatureAssociation time, 1523929979.645562842, 1523929979.645562842
FeatureAssociation time, 1523929979.756986398, 1523929979.756986398
FeatureAssociation time, 1523929979.817462098, 1523929979.817462098
FeatureAssociation time, 1523929979.948907655, 1523929979.948907655
FeatureAssociation time, 1523929980.070372370, 1523929980.070372370
FeatureAssociation time, 1523929980.151186461, 1523929980.151186461
FeatureAssociation time, 1523929980.231966470, 1523929980.231966470
FeatureAssociation time, 1523929980.353277634, 1523929980.353277634
FeatureAssociation time, 1523929980.454342925, 1523929980.454342925
FeatureAssociation time, 1523929980.575453883, 1523929980.575453883
FeatureAssociation time, 1523929980.656420351, 1523929980.656420351
FeatureAssociation time, 1523929980.788036303, 1523929980.788036303
FeatureAssociation time, 1523929980.879318276, 1523929980.879318276
FeatureAssociation time, 1523929980.990450421, 1523929980.990450421
FeatureAssociation time, 1523929981.061103384, 1523929981.061103384
FeatureAssociation time, 1523929981.212986446, 1523929981.212986446
FeatureAssociation time, 1523929981.293856506, 1523929981.293856506
FeatureAssociation time, 1523929981.404924915, 1523929981.404924915
FeatureAssociation time, 1523929981.485732108, 1523929981.485732108
FeatureAssociation time, 1523929981.617048677, 1523929981.617048677
FeatureAssociation time, 1523929981.718289177, 1523929981.718289177
FeatureAssociation time, 1523929981.819437849, 1523929981.819437849
FeatureAssociation time, 1523929981.900355848, 1523929981.900355848
FeatureAssociation time, 1523929982.021856922, 1523929982.021856922
FeatureAssociation time, 1523929982.193731568, 1523929982.193731568
FeatureAssociation time, 1523929982.275513285, 1523929982.275513285
FeatureAssociation time, 1523929982.326000337, 1523929982.326000337
FeatureAssociation time, 1523929982.447323533, 1523929982.447323533
FeatureAssociation time, 1523929982.548253577, 1523929982.548253577
FeatureAssociation time, 1523929982.649273066, 1523929982.649273066
FeatureAssociation time, 1523929982.740214874, 1523929982.740214874
FeatureAssociation time, 1523929982.851408628, 1523929982.851408628
FeatureAssociation time, 1523929982.952580390, 1523929982.952580390
FeatureAssociation time, 1523929983.073736312, 1523929983.073736312
FeatureAssociation time, 1523929983.164493397, 1523929983.164493397
FeatureAssociation time, 1523929983.276739586, 1523929983.276739586
FeatureAssociation time, 1523929983.367728675, 1523929983.367728675
FeatureAssociation time, 1523929983.489153807, 1523929983.489153807
FeatureAssociation time, 1523929983.580081643, 1523929983.580081643
FeatureAssociation time, 1523929983.670975589, 1523929983.670975589
FeatureAssociation time, 1523929983.772148968, 1523929983.772148968
FeatureAssociation time, 1523929983.913744500, 1523929983.913744500
FeatureAssociation time, 1523929983.984239622, 1523929983.984239622
FeatureAssociation time, 1523929984.105661179, 1523929984.105661179
FeatureAssociation time, 1523929984.206793587, 1523929984.206793587
FeatureAssociation time, 1523929984.317809735, 1523929984.317809735
FeatureAssociation time, 1523929984.419032583, 1523929984.419032583
FeatureAssociation time, 1523929984.530304820, 1523929984.530304820
FeatureAssociation time, 1523929984.621074713, 1523929984.621074713
FeatureAssociation time, 1523929984.742659252, 1523929984.742659252
FeatureAssociation time, 1523929984.813421291, 1523929984.813421291
FeatureAssociation time, 1523929984.944664009, 1523929984.944664009
FeatureAssociation time, 1523929985.045564921, 1523929985.045564921
FeatureAssociation time, 1523929985.166929845, 1523929985.166929845
FeatureAssociation time, 1523929985.227397862, 1523929985.227397862
FeatureAssociation time, 1523929985.348874510, 1523929985.348874510
FeatureAssociation time, 1523929985.460052597, 1523929985.460052597
FeatureAssociation time, 1523929985.571184375, 1523929985.571184375
FeatureAssociation time, 1523929985.652099603, 1523929985.652099603
FeatureAssociation time, 1523929985.773278502, 1523929985.773278502
FeatureAssociation time, 1523929985.874171312, 1523929985.874171312
FeatureAssociation time, 1523929985.975400518, 1523929985.975400518
FeatureAssociation time, 1523929986.056177790, 1523929986.056177790
FeatureAssociation time, 1523929986.197720447, 1523929986.197720447
FeatureAssociation time, 1523929986.278538812, 1523929986.278538812
FeatureAssociation time, 1523929986.389924013, 1523929986.389924013
FeatureAssociation time, 1523929986.501219229, 1523929986.501219229
FeatureAssociation time, 1523929986.592537222, 1523929986.592537222
FeatureAssociation time, 1523929986.703559418, 1523929986.703559418
FeatureAssociation time, 1523929986.804523879, 1523929986.804523879
FeatureAssociation time, 1523929986.895599905, 1523929986.895599905
FeatureAssociation time, 1523929987.016866407, 1523929987.016866407
FeatureAssociation time, 1523929987.107793541, 1523929987.107793541
FeatureAssociation time, 1523929987.239309186, 1523929987.239309186
FeatureAssociation time, 1523929987.310303061, 1523929987.310303061
FeatureAssociation time, 1523929987.441699725, 1523929987.441699725
FeatureAssociation time, 1523929987.552640678, 1523929987.552640678
FeatureAssociation time, 1523929987.653746579, 1523929987.653746579
FeatureAssociation time, 1523929987.724468921, 1523929987.724468921
FeatureAssociation time, 1523929987.865704538, 1523929987.865704538
FeatureAssociation time, 1523929987.946431564, 1523929987.946431564
FeatureAssociation time, 1523929988.047333075, 1523929988.047333075
FeatureAssociation time, 1523929988.137981512, 1523929988.137981512
FeatureAssociation time, 1523929988.259274655, 1523929988.259274655
FeatureAssociation time, 1523929988.349891045, 1523929988.349891045
FeatureAssociation time, 1523929988.470978312, 1523929988.470978312
FeatureAssociation time, 1523929988.551702640, 1523929988.551702640
FeatureAssociation time, 1523929988.693132280, 1523929988.693132280
FeatureAssociation time, 1523929988.784081956, 1523929988.784081956
FeatureAssociation time, 1523929988.885042060, 1523929988.885042060
FeatureAssociation time, 1523929988.965767527, 1523929988.965767527
FeatureAssociation time, 1523929989.117082411, 1523929989.117082411
FeatureAssociation time, 1523929989.187601329, 1523929989.187601329
FeatureAssociation time, 1523929989.298693870, 1523929989.298693870
FeatureAssociation time, 1523929989.369179986, 1523929989.369179986
FeatureAssociation time, 1523929989.500560937, 1523929989.500560937
FeatureAssociation time, 1523929989.621892118, 1523929989.621892118
FeatureAssociation time, 1523929989.722819056, 1523929989.722819056
FeatureAssociation time, 1523929989.803730170, 1523929989.803730170
FeatureAssociation time, 1523929989.935208561, 1523929989.935208561
FeatureAssociation time, 1523929990.036180832, 1523929990.036180832
FeatureAssociation time, 1523929990.147126208, 1523929990.147126208
FeatureAssociation time, 1523929990.217763098, 1523929990.217763098
FeatureAssociation time, 1523929990.369253556, 1523929990.369253556
FeatureAssociation time, 1523929990.439936917, 1523929990.439936917
FeatureAssociation time, 1523929990.541292523, 1523929990.541292523
FeatureAssociation time, 1523929990.652445401, 1523929990.652445401
FeatureAssociation time, 1523929990.763933910, 1523929990.763933910
FeatureAssociation time, 1523929990.864773016, 1523929990.864773016
FeatureAssociation time, 1523929990.965726358, 1523929990.965726358
FeatureAssociation time, 1523929991.066808225, 1523929991.066808225
FeatureAssociation time, 1523929991.188105595, 1523929991.188105595
FeatureAssociation time, 1523929991.278860802, 1523929991.278860802
FeatureAssociation time, 1523929991.389965435, 1523929991.389965435
FeatureAssociation time, 1523929991.470887250, 1523929991.470887250
FeatureAssociation time, 1523929991.592317126, 1523929991.592317126
FeatureAssociation time, 1523929991.693354170, 1523929991.693354170
FeatureAssociation time, 1523929991.814686290, 1523929991.814686290
FeatureAssociation time, 1523929991.885299030, 1523929991.885299030
FeatureAssociation time, 1523929991.986287813, 1523929991.986287813
FeatureAssociation time, 1523929992.117676917, 1523929992.117676917
FeatureAssociation time, 1523929992.218745400, 1523929992.218745400
FeatureAssociation time, 1523929992.279693083, 1523929992.279693083
FeatureAssociation time, 1523929992.430857661, 1523929992.430857661
FeatureAssociation time, 1523929992.511487529, 1523929992.511487529
FeatureAssociation time, 1523929992.642629111, 1523929992.642629111
FeatureAssociation time, 1523929992.723326716, 1523929992.723326716
FeatureAssociation time, 1523929992.824228015, 1523929992.824228015
FeatureAssociation time, 1523929992.945471880, 1523929992.945471880
FeatureAssociation time, 1523929993.056630020, 1523929993.056630020
FeatureAssociation time, 1523929993.127232448, 1523929993.127232448
FeatureAssociation time, 1523929993.259399853, 1523929993.259399853
FeatureAssociation time, 1523929993.330316309, 1523929993.330316309
FeatureAssociation time, 1523929993.471485116, 1523929993.471485116
FeatureAssociation time, 1523929993.532069704, 1523929993.532069704
FeatureAssociation time, 1523929993.663391232, 1523929993.663391232
FeatureAssociation time, 1523929993.775316167, 1523929993.775316167
FeatureAssociation time, 1523929993.886605848, 1523929993.886605848
FeatureAssociation time, 1523929993.977720509, 1523929993.977720509
FeatureAssociation time, 1523929994.098863154, 1523929994.098863154
FeatureAssociation time, 1523929994.220193384, 1523929994.220193384
FeatureAssociation time, 1523929994.280743713, 1523929994.280743713
FeatureAssociation time, 1523929994.402771157, 1523929994.402771157
FeatureAssociation time, 1523929994.515132628, 1523929994.515132628
FeatureAssociation time, 1523929994.626302601, 1523929994.626302601
FeatureAssociation time, 1523929994.727461919, 1523929994.727461919
FeatureAssociation time, 1523929994.788460620, 1523929994.788460620
FeatureAssociation time, 1523929994.930742255, 1523929994.930742255
FeatureAssociation time, 1523929995.031905984, 1523929995.031905984
FeatureAssociation time, 1523929995.133076881, 1523929995.133076881
FeatureAssociation time, 1523929995.255704686, 1523929995.255704686
FeatureAssociation time, 1523929995.336543795, 1523929995.336543795
FeatureAssociation time, 1523929995.457782580, 1523929995.457782580
FeatureAssociation time, 1523929995.568916142, 1523929995.568916142
FeatureAssociation time, 1523929995.629445963, 1523929995.629445963
FeatureAssociation time, 1523929995.760683543, 1523929995.760683543
FeatureAssociation time, 1523929995.862182320, 1523929995.862182320
FeatureAssociation time, 1523929995.963826467, 1523929995.963826467
FeatureAssociation time, 1523929996.034328291, 1523929996.034328291
FeatureAssociation time, 1523929996.165801673, 1523929996.165801673
FeatureAssociation time, 1523929996.266838484, 1523929996.266838484
FeatureAssociation time, 1523929996.377812096, 1523929996.377812096
FeatureAssociation time, 1523929996.468607540, 1523929996.468607540
FeatureAssociation time, 1523929996.569739592, 1523929996.569739592
FeatureAssociation time, 1523929996.681001506, 1523929996.681001506
FeatureAssociation time, 1523929996.802061929, 1523929996.802061929
FeatureAssociation time, 1523929996.872750579, 1523929996.872750579
FeatureAssociation time, 1523929996.994273693, 1523929996.994273693
FeatureAssociation time, 1523929997.054750460, 1523929997.054750460
FeatureAssociation time, 1523929997.216389171, 1523929997.216389171
FeatureAssociation time, 1523929997.287071383, 1523929997.287071383
FeatureAssociation time, 1523929997.418683823, 1523929997.418683823
FeatureAssociation time, 1523929997.529690335, 1523929997.529690335
FeatureAssociation time, 1523929997.630697079, 1523929997.630697079
FeatureAssociation time, 1523929997.701523605, 1523929997.701523605
FeatureAssociation time, 1523929997.832951816, 1523929997.832951816
FeatureAssociation time, 1523929997.933952851, 1523929997.933952851
FeatureAssociation time, 1523929998.034790970, 1523929998.034790970
FeatureAssociation time, 1523929998.125680335, 1523929998.125680335
FeatureAssociation time, 1523929998.236561232, 1523929998.236561232
FeatureAssociation time, 1523929998.327485639, 1523929998.327485639
FeatureAssociation time, 1523929998.448775882, 1523929998.448775882
FeatureAssociation time, 1523929998.539608499, 1523929998.539608499
FeatureAssociation time, 1523929998.660751569, 1523929998.660751569
FeatureAssociation time, 1523929998.731372465, 1523929998.731372465
FeatureAssociation time, 1523929998.873029620, 1523929998.873029620
FeatureAssociation time, 1523929998.943648884, 1523929998.943648884
FeatureAssociation time, 1523929999.064790673, 1523929999.064790673
FeatureAssociation time, 1523929999.155835707, 1523929999.155835707
FeatureAssociation time, 1523929999.298578675, 1523929999.298578675
FeatureAssociation time, 1523929999.359461049, 1523929999.359461049
FeatureAssociation time, 1523929999.490492547, 1523929999.490492547
FeatureAssociation time, 1523929999.601935002, 1523929999.601935002
FeatureAssociation time, 1523929999.702879744, 1523929999.702879744
FeatureAssociation time, 1523929999.783561191, 1523929999.783561191
FeatureAssociation time, 1523929999.914840953, 1523929999.914840953
FeatureAssociation time, 1523930000.015876471, 1523930000.015876471
FeatureAssociation time, 1523930000.127286238, 1523930000.127286238
FeatureAssociation time, 1523930000.197935488, 1523930000.197935488
FeatureAssociation time, 1523930000.329338653, 1523930000.329338653
FeatureAssociation time, 1523930000.410069630, 1523930000.410069630
FeatureAssociation time, 1523930000.551438477, 1523930000.551438477
FeatureAssociation time, 1523930000.622171451, 1523930000.622171451
FeatureAssociation time, 1523930000.733408217, 1523930000.733408217
FeatureAssociation time, 1523930000.824403954, 1523930000.824403954
FeatureAssociation time, 1523930000.945878211, 1523930000.945878211
FeatureAssociation time, 1523930001.026628680, 1523930001.026628680
FeatureAssociation time, 1523930001.168188233, 1523930001.168188233
FeatureAssociation time, 1523930001.259232193, 1523930001.259232193
FeatureAssociation time, 1523930001.360391916, 1523930001.360391916
FeatureAssociation time, 1523930001.441027410, 1523930001.441027410
FeatureAssociation time, 1523930001.562401360, 1523930001.562401360
FeatureAssociation time, 1523930001.663456324, 1523930001.663456324
FeatureAssociation time, 1523930001.774689463, 1523930001.774689463
FeatureAssociation time, 1523930001.855640454, 1523930001.855640454
FeatureAssociation time, 1523930001.987158167, 1523930001.987158167
FeatureAssociation time, 1523930002.088234874, 1523930002.088234874
FeatureAssociation time, 1523930002.209499610, 1523930002.209499610
FeatureAssociation time, 1523930002.270111260, 1523930002.270111260
FeatureAssociation time, 1523930002.391622855, 1523930002.391622855
FeatureAssociation time, 1523930002.472466712, 1523930002.472466712
FeatureAssociation time, 1523930002.614600119, 1523930002.614600119
FeatureAssociation time, 1523930002.685283220, 1523930002.685283220
FeatureAssociation time, 1523930002.806620003, 1523930002.806620003
FeatureAssociation time, 1523930002.918469292, 1523930002.918469292
FeatureAssociation time, 1523930002.999255784, 1523930002.999255784
FeatureAssociation time, 1523930003.090228052, 1523930003.090228052
FeatureAssociation time, 1523930003.221956940, 1523930003.221956940
FeatureAssociation time, 1523930003.322935286, 1523930003.322935286
FeatureAssociation time, 1523930003.423748929, 1523930003.423748929
FeatureAssociation time, 1523930003.504393086, 1523930003.504393086
FeatureAssociation time, 1523930003.645808337, 1523930003.645808337
FeatureAssociation time, 1523930003.746851805, 1523930003.746851805
FeatureAssociation time, 1523930003.859242756, 1523930003.859242756
FeatureAssociation time, 1523930003.940148934, 1523930003.940148934
FeatureAssociation time, 1523930004.051242198, 1523930004.051242198
FeatureAssociation time, 1523930004.162407083, 1523930004.162407083
FeatureAssociation time, 1523930004.273639065, 1523930004.273639065
FeatureAssociation time, 1523930004.354228340, 1523930004.354228340
FeatureAssociation time, 1523930004.495529246, 1523930004.495529246
FeatureAssociation time, 1523930004.596499401, 1523930004.596499401
FeatureAssociation time, 1523930004.687398425, 1523930004.687398425
FeatureAssociation time, 1523930004.768061472, 1523930004.768061472
FeatureAssociation time, 1523930004.919813777, 1523930004.919813777
FeatureAssociation time, 1523930005.001410036, 1523930005.001410036
FeatureAssociation time, 1523930005.112646738, 1523930005.112646738
FeatureAssociation time, 1523930005.173622702, 1523930005.173622702
FeatureAssociation time, 1523930005.305240305, 1523930005.305240305
FeatureAssociation time, 1523930005.417610694, 1523930005.417610694
FeatureAssociation time, 1523930005.519320056, 1523930005.519320056
FeatureAssociation time, 1523930005.680494102, 1523930005.680494102
FeatureAssociation time, 1523930005.771365890, 1523930005.771365890
FeatureAssociation time, 1523930005.811848190, 1523930005.811848190
FeatureAssociation time, 1523930005.922996002, 1523930005.922996002
FeatureAssociation time, 1523930006.003702295, 1523930006.003702295
FeatureAssociation time, 1523930006.124807143, 1523930006.124807143
FeatureAssociation time, 1523930006.256643526, 1523930006.256643526
FeatureAssociation time, 1523930006.357797887, 1523930006.357797887
FeatureAssociation time, 1523930006.428511279, 1523930006.428511279
FeatureAssociation time, 1523930006.529382110, 1523930006.529382110
FeatureAssociation time, 1523930006.660716416, 1523930006.660716416
FeatureAssociation time, 1523930006.771772926, 1523930006.771772926
FeatureAssociation time, 1523930006.832332186, 1523930006.832332186
FeatureAssociation time, 1523930006.974112532, 1523930006.974112532
FeatureAssociation time, 1523930007.065123187, 1523930007.065123187
FeatureAssociation time, 1523930007.176108741, 1523930007.176108741
FeatureAssociation time, 1523930007.267115566, 1523930007.267115566
FeatureAssociation time, 1523930007.378365774, 1523930007.378365774
FeatureAssociation time, 1523930007.479198010, 1523930007.479198010
FeatureAssociation time, 1523930007.590485920, 1523930007.590485920
FeatureAssociation time, 1523930007.671428195, 1523930007.671428195
FeatureAssociation time, 1523930007.792514640, 1523930007.792514640
FeatureAssociation time, 1523930007.903806643, 1523930007.903806643
FeatureAssociation time, 1523930008.014928344, 1523930008.014928344
FeatureAssociation time, 1523930008.135996873, 1523930008.135996873
FeatureAssociation time, 1523930008.216888910, 1523930008.216888910
FeatureAssociation time, 1523930008.317885656, 1523930008.317885656
FeatureAssociation time, 1523930008.418860684, 1523930008.418860684
FeatureAssociation time, 1523930008.499560102, 1523930008.499560102
FeatureAssociation time, 1523930008.640800499, 1523930008.640800499
FeatureAssociation time, 1523930008.751959184, 1523930008.751959184
FeatureAssociation time, 1523930008.842942553, 1523930008.842942553
FeatureAssociation time, 1523930008.923679158, 1523930008.923679158
FeatureAssociation time, 1523930009.055322160, 1523930009.055322160
FeatureAssociation time, 1523930009.146120375, 1523930009.146120375
FeatureAssociation time, 1523930009.257324396, 1523930009.257324396
FeatureAssociation time, 1523930009.338010111, 1523930009.338010111
FeatureAssociation time, 1523930009.459382962, 1523930009.459382962
FeatureAssociation time, 1523930009.560452037, 1523930009.560452037
FeatureAssociation time, 1523930009.661416883, 1523930009.661416883
FeatureAssociation time, 1523930009.762335616, 1523930009.762335616
FeatureAssociation time, 1523930009.873838838, 1523930009.873838838
FeatureAssociation time, 1523930009.974946222, 1523930009.974946222
FeatureAssociation time, 1523930010.096186794, 1523930010.096186794
FeatureAssociation time, 1523930010.156834610, 1523930010.156834610
FeatureAssociation time, 1523930010.298939753, 1523930010.298939753
FeatureAssociation time, 1523930010.410171419, 1523930010.410171419
FeatureAssociation time, 1523930010.501132757, 1523930010.501132757
FeatureAssociation time, 1523930010.581801403, 1523930010.581801403
FeatureAssociation time, 1523930010.733675739, 1523930010.733675739
FeatureAssociation time, 1523930010.834846608, 1523930010.834846608
FeatureAssociation time, 1523930010.925777848, 1523930010.925777848
FeatureAssociation time, 1523930010.996393472, 1523930010.996393472
FeatureAssociation time, 1523930011.127748816, 1523930011.127748816
FeatureAssociation time, 1523930011.198726321, 1523930011.198726321
FeatureAssociation time, 1523930011.350200556, 1523930011.350200556
FeatureAssociation time, 1523930011.411456270, 1523930011.411456270
FeatureAssociation time, 1523930011.532786670, 1523930011.532786670
FeatureAssociation time, 1523930011.633934972, 1523930011.633934972
FeatureAssociation time, 1523930011.755466723, 1523930011.755466723
FeatureAssociation time, 1523930011.826193434, 1523930011.826193434
FeatureAssociation time, 1523930011.948008083, 1523930011.948008083
FeatureAssociation time, 1523930012.059153357, 1523930012.059153357
FeatureAssociation time, 1523930012.171350073, 1523930012.171350073
FeatureAssociation time, 1523930012.241830033, 1523930012.241830033
FeatureAssociation time, 1523930012.354661334, 1523930012.354661334
FeatureAssociation time, 1523930012.476015184, 1523930012.476015184
FeatureAssociation time, 1523930012.577029346, 1523930012.577029346
FeatureAssociation time, 1523930012.657812150, 1523930012.657812150
FeatureAssociation time, 1523930012.789307200, 1523930012.789307200
FeatureAssociation time, 1523930012.879998957, 1523930012.879998957
FeatureAssociation time, 1523930012.991089107, 1523930012.991089107
FeatureAssociation time, 1523930013.071774838, 1523930013.071774838
FeatureAssociation time, 1523930013.223672184, 1523930013.223672184
FeatureAssociation time, 1523930013.304814563, 1523930013.304814563
FeatureAssociation time, 1523930013.427033427, 1523930013.427033427
FeatureAssociation time, 1523930013.487521146, 1523930013.487521146
FeatureAssociation time, 1523930013.609051518, 1523930013.609051518
FeatureAssociation time, 1523930013.721674724, 1523930013.721674724
FeatureAssociation time, 1523930013.822661047, 1523930013.822661047
FeatureAssociation time, 1523930013.893244333, 1523930013.893244333
FeatureAssociation time, 1523930014.025214822, 1523930014.025214822
FeatureAssociation time, 1523930014.136440306, 1523930014.136440306
FeatureAssociation time, 1523930014.227281594, 1523930014.227281594
FeatureAssociation time, 1523930014.318339969, 1523930014.318339969
FeatureAssociation time, 1523930014.450095066, 1523930014.450095066
FeatureAssociation time, 1523930014.551652222, 1523930014.551652222
FeatureAssociation time, 1523930014.652700313, 1523930014.652700313
FeatureAssociation time, 1523930014.743537044, 1523930014.743537044
FeatureAssociation time, 1523930014.854896571, 1523930014.854896571
FeatureAssociation time, 1523930014.976345370, 1523930014.976345370
FeatureAssociation time, 1523930015.077357309, 1523930015.077357309
FeatureAssociation time, 1523930015.168256229, 1523930015.168256229
FeatureAssociation time, 1523930015.279388892, 1523930015.279388892
FeatureAssociation time, 1523930015.400898421, 1523930015.400898421
FeatureAssociation time, 1523930015.483101358, 1523930015.483101358
FeatureAssociation time, 1523930015.553984034, 1523930015.553984034
FeatureAssociation time, 1523930015.685938004, 1523930015.685938004
FeatureAssociation time, 1523930015.798297923, 1523930015.798297923
FeatureAssociation time, 1523930015.909612985, 1523930015.909612985
FeatureAssociation time, 1523930015.990466875, 1523930015.990466875
FeatureAssociation time, 1523930016.122247859, 1523930016.122247859
FeatureAssociation time, 1523930016.213449164, 1523930016.213449164
FeatureAssociation time, 1523930016.334718278, 1523930016.334718278
FeatureAssociation time, 1523930016.405391107, 1523930016.405391107
FeatureAssociation time, 1523930016.537659762, 1523930016.537659762
FeatureAssociation time, 1523930016.649523880, 1523930016.649523880
FeatureAssociation time, 1523930016.750513296, 1523930016.750513296
FeatureAssociation time, 1523930016.821247868, 1523930016.821247868
FeatureAssociation time, 1523930016.942745483, 1523930016.942745483
FeatureAssociation time, 1523930017.064171251, 1523930017.064171251
FeatureAssociation time, 1523930017.155137893, 1523930017.155137893
FeatureAssociation time, 1523930017.236055911, 1523930017.236055911
FeatureAssociation time, 1523930017.367751040, 1523930017.367751040
FeatureAssociation time, 1523930017.469717231, 1523930017.469717231
FeatureAssociation time, 1523930017.570896844, 1523930017.570896844
FeatureAssociation time, 1523930017.641596534, 1523930017.641596534
FeatureAssociation time, 1523930017.773547479, 1523930017.773547479
FeatureAssociation time, 1523930017.875442615, 1523930017.875442615
FeatureAssociation time, 1523930017.976454630, 1523930017.976454630
[0m[ INFO] [1556597097.070752530]: [1;32m---->[0m Transform Fusion Started.[0m
[0m[ INFO] [1556597097.051209184]: [1;32m---->[0m Map Optimization Started.[0m
pubLaserCloudSurround.getNumSubscribers() == 0
[0m[ INFO] [1556597097.032100798]: [1;32m---->[0m Image Projection Started.[0m
... logging to /home/justin/.ros/log/1d5b2a64-6afd-11e9-be48-9cb6d0b9893f/roslaunch-justin-xps-25321.log
Checking log directory for disk usage. This may take awhile.
Press Ctrl-C to interrupt
Done checking log file disk usage. Usage is <1GB.
]2;/home/justin/catkin_ws/src/LeGO-LOAM/LeGO-LOAM/launch/run.launch
[1mstarted roslaunch server http://justin-xps:34179/[0m

SUMMARY
========

PARAMETERS
 * /rosdistro: kinetic
 * /rosversion: 1.12.14
 * /use_sim_time: True

NODES
  /
    base_link_to_camera (tf/static_transform_publisher)
    camera_init_to_map (tf/static_transform_publisher)
    featureAssociation (lego_loam/featureAssociation)
    imageProjection (lego_loam/imageProjection)
    mapOptmization (lego_loam/mapOptmization)
    player (rosbag/play)
    rviz (rviz/rviz)
    transformFusion (lego_loam/transformFusion)

auto-starting new master
[1mprocess[master]: started with pid [25356][0m
[1mROS_MASTER_URI=http://localhost:11311[0m
]2;/home/justin/catkin_ws/src/LeGO-LOAM/LeGO-LOAM/launch/run.launch http://localhost:11311
[1msetting /run_id to 1d5b2a64-6afd-11e9-be48-9cb6d0b9893f[0m
[1mprocess[rosout-1]: started with pid [25369][0m
started core service [/rosout]
[1mprocess[rviz-2]: started with pid [25377][0m
[1mprocess[camera_init_to_map-3]: started with pid [25404][0m
[1mprocess[base_link_to_camera-4]: started with pid [25407][0m
[1mprocess[imageProjection-5]: started with pid [25415][0m
[1mprocess[featureAssociation-6]: started with pid [25433][0m
[1mprocess[mapOptmization-7]: started with pid [25451][0m
[1mprocess[transformFusion-8]: started with pid [25467][0m
[1mprocess[player-9]: started with pid [25475][0m
[1m[player-9] process has finished cleanly
log file: /home/justin/.ros/log/1d5b2a64-6afd-11e9-be48-9cb6d0b9893f/player-9*.log[0m
[1m[rviz-2] process has finished cleanly
log file: /home/justin/.ros/log/1d5b2a64-6afd-11e9-be48-9cb6d0b9893f/rviz-2*.log[0m
[transformFusion-8] killing on exit
[mapOptmization-7] killing on exit
[featureAssociation-6] killing on exit
[imageProjection-5] killing on exit
[base_link_to_camera-4] killing on exit
[camera_init_to_map-3] killing on exit
[rosout-1] killing on exit
[master] killing on exit
shutting down processing monitor...
... shutting down processing monitor complete
[1mdone[0m
