1556639176.005707697, 0, 0, 0
1556639176.082362756, -0.00481226, -0.00497868, 0.0211997
1556639176.155363684, -0.0184282, -0.0103064, 0.0714286
1556639176.280501791, -0.0368476, -0.0179389, 0.143928
1556639176.362690088, -0.0685525, -0.0289972, 0.24375
1556639176.468780237, -0.114372, -0.0418941, 0.379166
1556639176.571976615, -0.259427, -0.0212835, 1.33251
1556639176.697479813, -0.361809, -0.0320569, 1.54347
1556639176.802341508, -0.593991, -0.0221035, 2.61642
1556639176.899068902, -0.726625, -0.0247909, 2.92622
1556639177.004624959, -0.982126, 0.00259004, 4.0609
1556639177.111113836, -1.1513, 0.00392317, 4.49484
1556639177.212800503, -1.40786, 0.030039, 5.63689
1556639177.317101915, -1.6122, 0.0250185, 6.17678
1556639177.419863932, -1.83548, 0.0230786, 6.75507
1556639177.525864896, -2.12603, 0.0446014, 7.89689
1556639177.626816215, -2.37929, 0.0401681, 8.56293
1556639177.731603711, -2.64782, 0.0331011, 9.25952
1556639177.832051739, -2.99011, 0.0423997, 10.5583
1556639177.916630944, -3.27475, 0.0317801, 11.2851
1556639178.010418225, -3.5825, 0.0376002, 12.1335
1556639178.119658831, -3.87841, 0.0202237, 12.8557
1556639178.230960487, -4.20422, 0.0122208, 13.641
1556639178.335559171, -4.51655, -0.00953788, 14.3526
1556639178.430403962, -4.83435, -0.0327512, 15.0597
1556639178.545581040, -5.2087, -0.025303, 15.8032
1556639178.639793002, -5.53966, -0.0465019, 16.4956
1556639178.739450722, -5.88028, -0.0687969, 17.1825
1556639178.850841828, -6.41157, -0.0278493, 17.9631
1556639178.956073980, -6.79203, -0.0419888, 18.6445
1556639179.057496973, -7.36606, -0.049647, 19.3488
1556639179.163305857, -7.79099, -0.0629451, 19.9993
1556639179.265127431, -8.45296, -0.0647147, 20.644
1556639179.363390468, -8.93302, -0.07553, 21.2478
1556639179.467747504, -9.62636, -0.0727099, 21.8596
1556639179.576835640, -10.1501, -0.0770855, 22.4268
1556639179.690463601, -10.8898, -0.0698258, 23.0107
1556639179.779750218, -11.4625, -0.0662202, 23.5429
1556639179.883078336, -12.0471, -0.0595168, 24.0606
1556639180.000385241, -12.8363, -0.0252507, 24.568
1556639180.100934623, -13.4483, -0.00838557, 25.0476
1556639180.207798980, -14.3626, 0.0856304, 25.5531
1556639180.332658052, -15.0297, 0.150955, 25.9964
1556639180.400947502, -15.7112, 0.216522, 26.425
1556639180.511316493, -16.5154, 0.316483, 26.8783
1556639180.616831367, -17.2836, 0.406698, 27.3212
1556639180.718508595, -18.0117, 0.466556, 27.7038
1556639180.827636380, -18.7339, 0.525013, 28.0613
1556639180.928908911, -19.5054, 0.549642, 28.4063
1556639181.027427313, -20.2472, 0.596739, 28.7359
1556639181.138553982, -20.9793, 0.655521, 29.1043
1556639181.236422847, -21.7238, 0.703284, 29.4246
1556639181.348294033, -22.4094, 0.785938, 29.785
1556639181.436430402, -23.1555, 0.836847, 30.0856
1556639181.547577012, -23.8865, 0.862366, 30.4248
1556639181.657108076, -24.6487, 0.912148, 30.7144
1556639181.750302731, -25.4149, 0.96144, 30.9952
1556639181.858594661, -26.1853, 1.01657, 31.3851
1556639181.968808413, -26.9511, 1.06848, 31.6844
1556639182.066913848, -27.7153, 1.11991, 31.9816
1556639182.178789133, -28.269, 1.17093, 32.8033
1556639182.301192441, -29.0674, 1.22191, 33.1528
1556639182.409713557, -30.0378, 1.29199, 33.6467
1556639182.510208763, -30.8908, 1.34967, 34.0347
1556639182.616906461, -31.982, 1.41648, 34.5383
1556639182.694362821, -32.873, 1.47461, 34.9414
1556639182.797072992, -33.7655, 1.53313, 35.3517
1556639182.895573867, -34.76, 1.59968, 35.8281
1556639183.007325358, -35.6581, 1.65723, 36.2449
1556639183.097044140, -36.5605, 1.71322, 36.6652
1556639183.201125773, -37.6038, 1.78201, 37.2176
1556639183.318349856, -38.5097, 1.84268, 37.6436
1556639183.410950827, -39.4783, 1.91597, 38.132
1556639183.512390531, -40.3847, 1.97616, 38.5614
1556639183.622822025, -41.3485, 2.04624, 39.0595
1556639183.719680964, -42.2604, 2.10695, 39.4985
1556639183.822992244, -43.1998, 2.16183, 39.9748
1556639183.941330983, -44.1172, 2.22187, 40.4202
1556639184.042992216, -45.075, 2.2904, 40.8867
1556639184.141784389, -45.9924, 2.35356, 41.3361
1556639184.245559944, -46.9085, 2.4203, 41.7909
1556639184.353438819, -47.8346, 2.48874, 42.2358
1556639184.455551252, -48.7606, 2.5607, 42.6487
1556639184.562413697, -49.7023, 2.63398, 43.0893
1556639184.656567371, -50.6448, 2.70601, 43.5249
1556639184.766483051, -51.5846, 2.74165, 43.9146
1556639184.869334667, -52.5334, 2.8071, 44.334
1556639184.969209242, -53.4836, 2.87304, 44.7508
1556639185.079488396, -54.2731, 2.92698, 45.054
1556639185.185873560, -55.211, 2.99961, 45.4602
1556639185.288604034, -56.0347, 3.04463, 45.8167
1556639185.410266384, -56.9475, 3.09512, 46.1949
1556639185.490591995, -57.777, 3.08121, 46.5434
1556639185.592175411, -58.6913, 3.1268, 46.9194
1556639185.702995306, -59.5338, 3.15823, 47.2672
1556639185.807064117, -60.4653, 3.21758, 47.6419
1556639185.900364309, -61.3304, 3.27692, 47.9809
1556639186.009249263, -62.2615, 3.33987, 48.3573
1556639186.119833804, -63.1136, 3.37164, 48.7113
1556639186.214353810, -64.0385, 3.41674, 49.1024
1556639186.323511026, -64.8797, 3.39029, 49.475
1556639186.454810946, -65.7991, 3.43386, 49.8579
1556639186.534140267, -66.5921, 3.46416, 50.243
1556639186.627206993, -67.516, 3.50455, 50.6333
1556639186.735350702, -68.3081, 3.53656, 50.989
1556639186.838208188, -69.2164, 3.58463, 51.3862
1556639186.940110749, -69.9641, 3.62001, 51.7867
1556639187.038854320, -70.8595, 3.66853, 52.2056
1556639187.139671929, -71.6158, 3.70419, 52.6203
1556639187.250249643, -72.4966, 3.75097, 53.0622
1556639187.352183088, -73.2437, 3.75735, 53.5331
1556639187.459592334, -73.977, 3.7706, 53.9877
1556639187.561390972, -74.8246, 3.81986, 54.4824
1556639187.660139830, -75.5578, 3.86863, 54.9365
1556639187.769098521, -76.3905, 3.92836, 55.4652
1556639187.874179468, -77.116, 3.96946, 55.9387
1556639187.979272248, -77.9404, 4.04195, 56.4925
1556639188.079248449, -78.6544, 4.05756, 56.981
1556639188.211397922, -79.4333, 4.11511, 57.5292
1556639188.295390766, -80.0772, 4.16018, 57.9383
1556639188.386158119, -80.8505, 4.23689, 58.4945
1556639188.493791927, -81.5473, 4.26118, 58.9927
1556639188.593951173, -82.3244, 4.34721, 59.5495
1556639188.693019379, -83.0517, 4.3802, 60.0501
1556639188.801568322, -83.8261, 4.46518, 60.611
1556639188.911886890, -84.5131, 4.48355, 61.1115
1556639189.008407311, -85.2808, 4.56587, 61.6871
1556639189.120127169, -85.9343, 4.60588, 62.2244
1556639189.225776954, -86.7187, 4.68911, 62.8061
1556639189.321221352, -87.3539, 4.72589, 63.3589
1556639189.426882802, -88.1413, 4.81414, 63.9532
1556639189.542363162, -88.7565, 4.85102, 64.4604
1556639189.659102114, -89.4922, 4.92708, 65.0482
1556639189.740456448, -90.0834, 4.93356, 65.5793
1556639189.839439172, -90.8013, 5.00225, 66.1803
1556639189.939464558, -91.4218, 5.0481, 66.7179
1556639190.055716326, -92.1304, 5.12664, 67.3293
1556639190.155354944, -92.758, 5.17482, 67.8844
1556639190.264048671, -93.4504, 5.25249, 68.5003
1556639190.355117944, -94.0866, 5.29137, 69.0742
1556639190.471403949, -94.7757, 5.36441, 69.7107
1556639190.591546291, -95.4024, 5.4045, 70.3071
1556639190.673739766, -96.0867, 5.48093, 70.954
1556639190.780140342, -96.7056, 5.52848, 71.5316
1556639190.887181293, -97.3792, 5.60803, 72.1777
1556639190.989028454, -98.0076, 5.66207, 72.7489
1556639191.096452720, -98.6946, 5.74063, 73.4083
1556639191.198093119, -99.3184, 5.76944, 73.9843
1556639191.303551561, -99.9888, 5.84203, 74.6433
1556639191.397696667, -100.575, 5.89062, 75.2172
1556639191.506924191, -101.239, 5.9623, 75.8808
1556639191.606901130, -101.834, 5.98985, 76.4722
1556639191.706778107, -102.494, 6.06441, 77.1389
1556639191.807995561, -103.073, 6.08822, 77.7128
1556639191.933360624, -103.719, 6.15821, 78.3643
1556639192.018193937, -104.288, 6.19059, 78.9306
1556639192.132661202, -104.928, 6.252, 79.5785
1556639192.233638408, -105.483, 6.3, 80.1468
1556639192.338449913, -106.121, 6.36666, 80.7949
1556639192.432646395, -106.701, 6.39956, 81.3816
1556639192.550184552, -107.325, 6.46535, 82.0292
1556639192.643728633, -107.903, 6.51334, 82.5956
1556639192.742952701, -108.525, 6.58208, 83.2436
1556639192.842994392, -109.068, 6.62248, 83.8174
1556639192.954289122, -109.689, 6.6959, 84.4656
1556639193.060470522, -110.263, 6.74362, 85.0166
1556639193.158887315, -110.879, 6.81736, 85.6535
1556639193.286394546, -111.431, 6.85162, 86.1945
1556639193.368276341, -112.042, 6.92543, 86.8348
1556639193.493643133, -112.615, 6.95256, 87.3959
1556639193.570846811, -113.23, 7.01841, 88.0429
1556639193.670449131, -113.752, 7.07871, 88.5869
1556639193.784897291, -114.351, 7.14799, 89.2362
1556639193.886252888, -114.835, 7.18922, 89.7878
1556639193.982715633, -115.424, 7.26253, 90.444
1556639194.089519677, -115.894, 7.28762, 90.991
1556639194.192182748, -116.453, 7.3541, 91.6524
1556639194.297320163, -116.857, 7.39835, 92.1903
1556639194.412805299, -117.38, 7.4732, 92.8546
1556639194.512757200, -117.77, 7.5207, 93.4073
1556639194.616392452, -118.26, 7.5998, 94.0771
1556639194.716034521, -118.619, 7.66568, 94.6181
1556639194.813893920, -119.084, 7.75788, 95.2959
1556639194.912830706, -119.446, 7.79973, 95.8836
1556639195.028771101, -119.886, 7.90084, 96.5613
1556639195.129301646, -120.25, 7.93753, 97.1507
1556639195.226059594, -120.673, 8.0337, 97.8322
1556639195.355763274, -121.04, 8.11766, 98.4121
1556639195.435674289, -121.455, 8.22487, 99.0968
1556639195.535934108, -121.838, 8.24582, 99.6783
1556639195.651765201, -122.263, 8.35242, 100.363
1556639195.755596225, -122.698, 8.38816, 100.928
1556639195.872064508, -123.126, 8.48625, 101.604
1556639195.955370487, -123.535, 8.53961, 102.145
1556639196.061135533, -123.968, 8.63246, 102.805
1556639196.165288126, -124.368, 8.68873, 103.365
1556639196.265887920, -124.812, 8.78024, 104.018
1556639196.408778779, -125.235, 8.81229, 104.593
1556639196.482475336, -125.689, 8.90001, 105.235
1556639196.581748856, -126.108, 8.95177, 105.792
1556639196.677932221, -126.569, 9.03626, 106.423
1556639196.787735439, -126.947, 9.08787, 106.94
1556639196.888000114, -127.412, 9.17464, 107.565
1556639197.004037194, -127.799, 9.22765, 108.091
1556639197.106611319, -128.245, 9.31148, 108.703
1556639197.226079131, -128.589, 9.3432, 109.221
1556639197.303114147, -129.01, 9.42127, 109.838
1556639197.413024107, -129.339, 9.46833, 110.373
1556639197.518926371, -129.731, 9.54487, 110.998
1556639197.612812651, -130.012, 9.57394, 111.554
1556639197.728823933, -130.373, 9.64256, 112.186
1556639197.863628807, -130.633, 9.65334, 112.739
1556639197.959447654, -130.964, 9.71029, 113.371
1556639198.038852235, -131.211, 9.73494, 113.917
1556639198.137280332, -131.511, 9.78333, 114.553
1556639198.236706214, -131.731, 9.82371, 115.095
1556639198.352580186, -131.931, 9.85664, 115.634
1556639198.456314465, -132.189, 9.90163, 116.281
1556639198.560908060, -132.431, 9.9454, 116.919
1556639198.661607621, -132.633, 9.9619, 117.46
1556639198.764113578, -132.851, 10.0055, 118.085
1556639198.893671138, -133.038, 10.0617, 118.602
1556639198.970127585, -133.244, 10.1096, 119.22
1556639199.071223351, -133.417, 10.1716, 119.748
1556639199.170516503, -133.613, 10.2292, 120.366
1556639199.286447613, -133.821, 10.2138, 120.914
1556639199.383661993, -134.009, 10.2734, 121.541
1556639199.483838415, -134.213, 10.2561, 122.134
1556639199.601029334, -134.398, 10.2988, 122.77
1556639199.701656146, -134.635, 10.3413, 123.349
1556639199.800304863, -134.829, 10.3779, 123.989
1556639199.900424370, -135.044, 10.404, 124.561
1556639200.016872535, -135.24, 10.4426, 125.209
1556639200.111777876, -135.44, 10.4414, 125.817
1556639200.217684783, -135.637, 10.4748, 126.475
1556639200.319675058, -135.842, 10.4996, 127.064
1556639200.421402101, -136.031, 10.5271, 127.725
1556639200.521178302, -136.22, 10.539, 128.321
1556639200.621519776, -136.402, 10.5647, 128.982
1556639200.747236261, -136.562, 10.6055, 129.599
1556639200.835521162, -136.734, 10.6329, 130.265
1556639200.942810679, -136.859, 10.6639, 130.891
1556639201.048552217, -137.029, 10.6959, 131.577
1556639201.149655695, -137.16, 10.6967, 132.251
1556639201.255593473, -137.318, 10.7292, 132.968
1556639201.380682465, -137.377, 10.7469, 133.652
1556639201.467224442, -137.508, 10.7751, 134.383
1556639201.590475421, -137.573, 10.7886, 135.045
1556639201.673203250, -137.692, 10.8139, 135.778
1556639201.780638358, -137.828, 10.8027, 136.418
1556639201.871174905, -137.947, 10.8268, 137.156
1556639201.980849218, -138.092, 10.8553, 137.831
1556639202.088509369, -138.217, 10.8809, 138.576
1556639202.191515888, -138.375, 10.8835, 139.29
1556639202.302426789, -138.512, 10.9104, 140.038
1556639202.392685532, -138.648, 10.9353, 140.787
1556639202.510460699, -138.783, 10.9399, 141.526
1556639202.606034263, -138.904, 10.9524, 142.269
1556639202.706570176, -139.042, 10.9684, 143.02
1556639202.806493979, -139.178, 10.99, 143.764
1556639202.924008512, -139.318, 11.0064, 144.528
1556639203.025995332, -139.451, 11.0502, 145.28
1556639203.122551567, -139.595, 11.0759, 146.069
1556639203.224020604, -139.716, 11.0858, 146.819
1556639203.323791170, -139.854, 11.1096, 147.604
1556639203.431998685, -139.973, 11.1293, 148.287
1556639203.566904622, -140.119, 11.147, 149.047
1556639203.637806994, -140.294, 11.1599, 149.679
1556639203.736513056, -140.461, 11.1812, 150.437
1556639203.846620009, -140.663, 11.1925, 151.107
1556639203.952782948, -140.855, 11.2151, 151.875
1556639204.053951153, -141.06, 11.2388, 152.562
1556639204.169811180, -141.273, 11.2668, 153.334
1556639204.271784979, -141.502, 11.2589, 154.019
1556639204.361449824, -141.722, 11.271, 154.778
1556639204.471693596, -141.923, 11.2757, 155.445
1556639204.571601700, -142.147, 11.2813, 156.203
1556639204.688561750, -142.353, 11.2597, 156.876
1556639204.785616933, -142.573, 11.2578, 157.629
1556639204.887879095, -142.771, 11.2581, 158.316
1556639204.993998329, -142.99, 11.2587, 159.069
1556639205.088374885, -143.199, 11.249, 159.769
1556639205.198051178, -143.414, 11.2482, 160.522
1556639205.304199515, -143.634, 11.2456, 161.244
1556639205.402889649, -143.839, 11.2453, 161.994
1556639205.502470433, -144.038, 11.2428, 162.753
1556639205.612323218, -144.241, 11.2397, 163.504
1556639205.717921756, -144.449, 11.2104, 164.31
1556639205.815135186, -144.648, 11.2034, 165.079
1556639205.957808605, -144.844, 11.2127, 165.867
1556639206.032268453, -145.03, 11.2064, 166.656
1556639206.141874266, -145.194, 11.1943, 167.432
1556639206.230088730, -145.382, 11.1943, 168.232
1556639206.339163011, -145.544, 11.1855, 168.985
1556639206.439387616, -145.724, 11.1876, 169.784
1556639206.547683961, -145.878, 11.1879, 170.528
1556639206.655409372, -146.05, 11.1962, 171.337
1556639206.755145350, -146.209, 11.1983, 172.111
1556639206.858059521, -146.37, 11.2111, 172.945
1556639206.968399958, -146.529, 11.2256, 173.715
1556639207.072655029, -146.684, 11.2385, 174.553
1556639207.167472342, -146.829, 11.2086, 175.3
1556639207.274512193, -146.969, 11.2178, 176.007
1556639207.411785037, -147.105, 11.2327, 176.848
1556639207.479681571, -147.236, 11.2472, 177.69
1556639207.586292933, -147.353, 11.2339, 178.418
1556639207.684685064, -147.489, 11.2458, 179.265
1556639207.784087998, -147.659, 11.1817, 180.021
1556639207.894559983, -147.793, 11.1713, 180.866
1556639208.014181910, -147.928, 11.1511, 181.604
1556639208.093375443, -148.059, 11.1308, 182.449
1556639208.209511323, -148.187, 11.1418, 183.152
1556639208.312220587, -148.313, 11.1317, 183.992
1556639208.407048272, -148.419, 11.1292, 184.724
1556639208.532627544, -148.538, 11.1252, 185.576
1556639208.620203871, -148.648, 11.117, 186.341
1556639208.723342866, -148.759, 11.1129, 187.211
1556639208.857588237, -148.874, 11.0758, 187.998
1556639208.933598324, -148.995, 11.0602, 188.877
1556639209.034557340, -149.112, 11.0323, 189.628
1556639209.157305214, -149.244, 11.0044, 190.491
1556639209.266534317, -149.31, 10.9769, 191.192
1556639209.345993587, -149.419, 10.9646, 192.03
1556639209.445860125, -149.483, 10.9626, 192.757
1556639209.556163374, -149.588, 10.9735, 193.6
1556639209.661440877, -149.676, 10.945, 194.414
1556639209.760601021, -149.785, 10.9592, 195.267
1556639209.860543697, -149.879, 10.9245, 196.068
1556639209.970228568, -149.988, 10.9277, 196.922
1556639210.076573478, -150.094, 10.9092, 197.687
1556639210.175239301, -150.197, 10.9124, 198.546
1556639210.311846426, -150.292, 10.8792, 199.321
1556639210.386377803, -150.392, 10.8755, 200.167
1556639210.488570379, -150.48, 10.8596, 200.911
1556639210.590479250, -150.579, 10.8583, 201.758
1556639210.697033281, -150.659, 10.8385, 202.557
1556639210.801752587, -150.744, 10.8378, 203.407
1556639210.895287152, -150.811, 10.8006, 204.194
1556639211.012874503, -150.889, 10.7854, 204.977
1556639211.106451597, -150.949, 10.7803, 205.825
1556639211.220151075, -151.025, 10.7558, 206.617
1556639211.313530432, -151.087, 10.7529, 207.461
1556639211.419950859, -151.152, 10.7361, 208.273
1556639211.529558913, -151.197, 10.7355, 209.141
1556639211.628329499, -151.234, 10.7361, 210.009
1556639211.734550608, -151.243, 10.7298, 210.829
1556639211.839092703, -151.255, 10.7367, 211.712
1556639211.941102116, -151.208, 10.7152, 212.51
1556639212.043026412, -151.189, 10.7137, 213.392
1556639212.143619372, -151.13, 10.6888, 214.149
1556639212.257786684, -151.079, 10.6815, 215.027
1556639212.359643465, -151.016, 10.6655, 215.783
1556639212.483355160, -150.961, 10.6572, 216.65
1556639212.556068118, -150.95, 10.6515, 217.392
1556639212.672201403, -150.919, 10.652, 218.267
1556639212.771976148, -150.934, 10.6331, 219.045
1556639212.874762471, -150.922, 10.6392, 219.937
1556639212.969607458, -150.984, 10.6323, 220.733
1556639213.096637354, -151.002, 10.6384, 221.643
1556639213.202485981, -151.1, 10.6244, 222.413
1556639213.296480916, -151.124, 10.6455, 223.338
1556639213.391278394, -151.209, 10.6527, 224.085
1556639213.526021495, -151.252, 10.6627, 225.013
1556639213.618679287, -151.324, 10.6288, 225.751
1556639213.737995312, -151.398, 10.6286, 226.643
1556639213.812933802, -151.508, 10.5988, 227.359
1556639213.914173646, -151.592, 10.588, 228.25
1556639214.042805650, -151.667, 10.5745, 228.991
1556639214.122829484, -151.744, 10.5659, 229.859
1556639214.228870592, -151.798, 10.5761, 230.608
1556639214.336005972, -151.873, 10.5917, 231.487
1556639214.430602971, -151.94, 10.5837, 232.314
1556639214.537274516, -152.02, 10.6013, 233.198
1556639214.664283209, -152.107, 10.5845, 234.054
1556639214.764255753, -152.187, 10.5928, 234.951
1556639214.843853602, -152.276, 10.5791, 235.787
1556639214.953471819, -152.351, 10.5821, 236.683
1556639215.093449241, -152.421, 10.5796, 237.484
1556639215.153387353, -152.488, 10.5814, 238.382
1556639215.265573983, -152.535, 10.574, 239.211
1556639215.364674311, -152.596, 10.5751, 240.11
1556639215.464752628, -152.657, 10.5729, 240.949
1556639215.574399545, -152.708, 10.5795, 241.85
1556639215.709971943, -152.74, 10.5897, 242.718
1556639215.785089884, -152.767, 10.5971, 243.631
1556639215.892567338, -152.753, 10.5698, 244.526
1556639215.981395150, -152.754, 10.5588, 245.446
1556639216.092396614, -152.75, 10.5288, 246.333
1556639216.203461647, -152.766, 10.5353, 247.223
1556639216.297939530, -152.747, 10.5188, 248.145
1556639216.413612382, -152.75, 10.5324, 249.046
1556639216.505880855, -152.733, 10.5317, 249.974
1556639216.625448464, -152.711, 10.5371, 250.909
1556639216.722828132, -152.679, 10.5496, 251.812
1556639216.812745340, -152.638, 10.5646, 252.766
1556639216.922847309, -152.588, 10.5649, 253.687
1556639217.024020765, -152.523, 10.571, 254.646
1556639217.129202577, -152.437, 10.5462, 255.553
1556639217.234641649, -152.344, 10.539, 256.518
1556639217.328134950, -152.232, 10.544, 257.427
1556639217.438391079, -152.127, 10.5333, 258.39
1556639217.538519320, -152.028, 10.4939, 259.294
1556639217.658182595, -151.911, 10.4801, 260.255
1556639217.748068630, -151.819, 10.4859, 261.153
1556639217.858100279, -151.692, 10.4761, 262.114
1556639217.974275538, -151.567, 10.4838, 263.058
1556639218.069127916, -151.424, 10.4763, 264.041
1556639218.162917883, -151.284, 10.4379, 264.987
1556639218.269630488, -151.133, 10.421, 265.968
1556639218.373715486, -150.993, 10.4219, 266.883
1556639218.480521900, -150.831, 10.4095, 267.861
1556639218.575014705, -150.687, 10.4236, 268.743
1556639218.691316803, -150.513, 10.4218, 269.715
1556639218.791645926, -150.367, 10.4237, 270.643
1556639218.909717784, -150.162, 10.4248, 271.629
1556639218.995465795, -149.992, 10.4205, 272.54
1556639219.123537414, -149.773, 10.4184, 273.525
1556639219.206521803, -149.637, 10.4032, 274.412
1556639219.313992812, -149.41, 10.397, 275.389
1556639219.409262562, -149.252, 10.3882, 276.259
1556639219.509349799, -149.015, 10.3856, 277.234
1556639219.620746972, -148.843, 10.3747, 278.121
1556639219.721522284, -148.597, 10.3706, 279.09
1556639219.859959626, -148.427, 10.3613, 279.954
1556639219.930068119, -148.172, 10.3573, 280.921
1556639220.035344914, -147.979, 10.3441, 281.796
1556639220.141813207, -147.718, 10.3405, 282.767
1556639220.273001367, -147.536, 10.316, 283.632
1556639220.362247155, -147.287, 10.3121, 284.577
1556639220.454098003, -147.078, 10.3244, 285.403
1556639220.561601768, -146.818, 10.3287, 286.364
1556639220.662126000, -146.618, 10.3057, 287.258
1556639220.758068962, -146.363, 10.3136, 288.229
1556639220.862417525, -146.161, 10.2794, 289.121
1556639220.982632660, -145.917, 10.2808, 290.101
1556639221.069368338, -145.75, 10.2584, 290.993
1556639221.177450656, -145.523, 10.2581, 291.974
1556639221.281322704, -145.355, 10.2487, 292.857
1556639221.390717197, -145.145, 10.2561, 293.845
1556639221.493015581, -144.987, 10.2348, 294.778
1556639221.601920663, -144.794, 10.2329, 295.783
1556639221.698139142, -144.639, 10.1948, 296.735
1556639221.806404585, -144.464, 10.1835, 297.741
1556639221.908965188, -144.316, 10.126, 298.661
1556639222.030614059, -144.162, 10.106, 299.658
1556639222.106867530, -144.054, 10.1144, 300.556
1556639222.218752088, -143.916, 10.1095, 301.552
1556639222.318739322, -143.817, 10.1056, 302.487
1556639222.420497756, -143.692, 10.1046, 303.483
1556639222.530522660, -143.597, 10.0814, 304.446
1556639222.632624132, -143.493, 10.0581, 305.436
1556639222.742847017, -143.386, 10.0494, 306.434
1556639222.834969362, -143.287, 10.043, 307.436
1556639222.944692653, -143.19, 10.0221, 308.44
1556639223.054569161, -143.1, 10.0121, 309.455
1556639223.151314628, -143.015, 9.98902, 310.48
1556639223.252639803, -142.935, 9.97966, 311.501
1556639223.353137806, -142.867, 9.95604, 312.5
1556639223.470098244, -142.797, 9.9464, 313.536
1556639223.565939228, -142.723, 9.92341, 314.546
1556639223.673445945, -142.664, 9.91385, 315.602
1556639223.777513954, -142.58, 9.88665, 316.62
1556639223.885815658, -142.534, 9.87537, 317.698
1556639223.988177729, -142.452, 9.86013, 318.698
1556639224.078907306, -142.402, 9.84799, 319.79
1556639224.217639618, -142.353, 9.80859, 320.755
1556639224.295226941, -142.301, 9.78654, 321.823
1556639224.398317186, -142.271, 9.73527, 322.737
1556639224.498960026, -142.212, 9.70073, 323.789
1556639224.598080435, -142.179, 9.69555, 324.737
1556639224.705080041, -142.115, 9.67273, 325.788
1556639224.815677723, -142.074, 9.66739, 326.76
1556639224.905519229, -142.017, 9.64999, 327.819
1556639225.015881101, -141.995, 9.61847, 328.818
1556639225.116034340, -141.94, 9.59335, 329.881
1556639225.231407170, -141.916, 9.55946, 330.848
1556639225.328551625, -141.858, 9.53079, 331.905
1556639225.423224270, -141.824, 9.52338, 332.867
1556639225.532981659, -141.795, 9.49192, 333.847
1556639225.642545898, -141.739, 9.47022, 334.904
1556639225.739121233, -141.686, 9.44926, 335.971
1556639225.844094754, -141.661, 9.41316, 336.936
1556639225.944138058, -141.615, 9.38962, 338.01
1556639226.043667791, -141.59, 9.36929, 338.989
1556639226.159761623, -141.547, 9.34758, 340.078
1556639226.254192804, -141.504, 9.30704, 341.06
1556639226.375262523, -141.469, 9.27885, 342.129
1556639226.467381932, -141.43, 9.23196, 343.061
1556639226.572950940, -141.385, 9.20209, 344.117
1556639226.674723028, -141.351, 9.1573, 345.039
1556639226.775027773, -141.3, 9.12521, 346.09
1556639226.874339896, -141.267, 9.09416, 347.019
1556639226.983886732, -141.215, 9.05671, 348.068
1556639227.091933768, -141.183, 9.0119, 348.974
1556639227.198768871, -141.131, 8.97144, 349.998
1556639227.299253444, -141.077, 8.94436, 350.864
1556639227.405236950, -141.015, 8.906, 351.872
1556639227.518929732, -140.964, 8.87262, 352.694
1556639227.607164750, -140.903, 8.82917, 353.679
1556639227.733809807, -140.825, 8.77814, 354.504
1556639227.837379897, -140.766, 8.72651, 355.41
1556639227.916852927, -140.711, 8.68414, 356.127
1556639228.022103360, -140.656, 8.63008, 357.004
1556639228.138541048, -140.599, 8.58045, 357.725
1556639228.233210185, -140.553, 8.52685, 358.568
1556639228.332175708, -140.518, 8.4812, 359.273
1556639228.435055290, -140.476, 8.43275, 360.093
1556639228.535423470, -140.442, 8.39392, 360.808
1556639228.665416257, -140.41, 8.35889, 361.475
1556639228.773482591, -140.376, 8.31446, 362.26
1556639228.866214247, -140.345, 8.26947, 363.039
1556639228.955674335, -140.299, 8.22895, 363.697
1556639229.052540050, -140.277, 8.18597, 364.46
1556639229.161187151, -140.271, 8.15565, 365.109
1556639229.261963188, -140.262, 8.1154, 365.87
1556639229.368186627, -140.267, 8.09523, 366.531
1556639229.470938512, -140.292, 8.05335, 367.219
1556639229.590792710, -140.316, 8.01584, 368.004
1556639229.684830068, -140.352, 7.97412, 368.799
1556639229.791013895, -140.401, 7.89803, 369.5
1556639229.894154509, -140.461, 7.84781, 370.296
1556639229.988141643, -140.524, 7.78847, 370.962
1556639230.088401938, -140.603, 7.73786, 371.756
1556639230.207394033, -140.683, 7.68926, 372.454
1556639230.299006056, -140.775, 7.64482, 373.249
1556639230.399629033, -140.867, 7.60616, 373.937
1556639230.514916107, -140.954, 7.55328, 374.697
1556639230.608573477, -141.044, 7.48904, 375.508
1556639230.720171146, -141.133, 7.38029, 376.271
1556639230.825019185, -141.231, 7.28871, 377.086
1556639230.928622093, -141.331, 7.19953, 377.836
1556639231.031639551, -141.432, 7.10779, 378.643
1556639231.131963049, -141.547, 7.00169, 379.402
1556639231.240908185, -141.661, 6.90565, 380.209
1556639231.331334656, -141.782, 6.80653, 381.015
1556639231.447286090, -141.939, 6.68883, 381.779
1556639231.543147582, -142.091, 6.6016, 382.547
1556639231.662900442, -142.227, 6.50042, 383.336
1556639231.753267885, -142.36, 6.41333, 384.088
1556639231.862902437, -142.508, 6.3131, 384.874
1556639231.958577963, -142.664, 6.22497, 385.576
1556639232.068867269, -142.822, 6.12734, 386.345
1556639232.165242107, -142.987, 6.02886, 387.111
1556639232.275694416, -143.176, 5.9363, 387.804
1556639232.400336127, -143.367, 5.8526, 388.435
1556639232.492555352, -143.578, 5.76249, 389.186
1556639232.603973284, -143.723, 5.69252, 389.807
1556639232.691490047, -143.948, 5.61298, 390.549
1556639232.788670839, -144.188, 5.53888, 391.288
1556639232.918659427, -144.394, 5.46714, 391.916
1556639233.028996864, -144.658, 5.40431, 392.62
1556639233.102600605, -144.913, 5.3408, 393.185
1556639233.201856543, -145.209, 5.28575, 393.872
1556639233.317917418, -145.509, 5.23082, 394.464
1556639233.421129228, -145.839, 5.17904, 395.157
1556639233.520859395, -146.187, 5.11959, 395.809
1556639233.624502574, -146.553, 5.04801, 396.488
1556639233.763992451, -146.926, 4.97448, 397.196
1556639233.831694097, -147.305, 4.89974, 397.902
1556639233.931014101, -147.667, 4.81265, 398.564
1556639234.031734242, -148.06, 4.7253, 399.266
1556639234.140971563, -148.409, 4.63909, 399.925
1556639234.240936523, -148.811, 4.54884, 400.622
1556639234.390215206, -149.122, 4.4553, 401.277
1556639234.454469604, -149.523, 4.37629, 401.949
1556639234.565856174, -149.86, 4.33379, 402.558
1556639234.681664828, -150.236, 4.27916, 403.256
1556639234.764385023, -150.644, 4.2155, 403.973
1556639234.891697290, -151.004, 4.12607, 404.635
1556639234.978022170, -151.395, 4.06581, 405.328
1556639235.099975913, -151.775, 4.00531, 406.004
1556639235.189341728, -152.103, 3.99729, 406.616
1556639235.291731671, -152.471, 3.97419, 407.313
1556639235.386793259, -152.805, 3.95383, 407.966
1556639235.500073341, -153.162, 3.94034, 408.651
1556639235.598706045, -153.509, 3.87114, 409.288
1556639235.695207156, -153.86, 3.8446, 409.958
1556639235.822116893, -154.189, 3.83549, 410.522
1556639235.921102765, -154.529, 3.82475, 411.171
1556639236.004185880, -154.829, 3.8096, 411.718
1556639236.113776761, -155.159, 3.80149, 412.367
1556639236.223488329, -155.446, 3.79307, 412.901
1556639236.329662345, -155.77, 3.78905, 413.552
1556639236.428875082, -156.064, 3.7783, 414.096
1556639236.551514481, -156.395, 3.77751, 414.74
1556639236.655284019, -156.702, 3.76871, 415.217
1556639236.755969073, -157.061, 3.7655, 415.835
1556639236.862909928, -157.369, 3.76424, 416.246
1556639236.965638656, -157.715, 3.76611, 416.766
1556639237.060612049, -158.025, 3.77252, 417.135
1556639237.148473388, -158.387, 3.77717, 417.639
1556639237.283041792, -158.702, 3.77843, 418.015
1556639237.387296906, -159.028, 3.78279, 418.448
1556639237.494864675, -159.288, 3.77461, 418.706
1556639237.599413904, -159.597, 3.77912, 419.045
1556639237.719236680, -159.868, 3.76114, 419.268
1556639237.785127545, -160.151, 3.77166, 419.569
1556639237.892511696, -160.394, 3.76989, 419.813
1556639238.002371285, -160.657, 3.77817, 420.087
1556639238.100416058, -160.868, 3.79515, 420.32
1556639238.209724851, -161.119, 3.80841, 420.56
1556639238.314089268, -161.33, 3.83451, 420.728
1556639238.417332176, -161.556, 3.85405, 420.941
1556639238.522525831, -161.731, 3.88633, 421.094
1556639238.631708049, -161.91, 3.89475, 421.278
1556639238.729209940, -162.038, 3.90587, 421.428
1556639238.865268966, -162.192, 3.90774, 421.558
1556639238.927036238, -162.301, 3.89509, 421.668
1556639239.030966145, -162.432, 3.90174, 421.775
1556639239.132094340, -162.541, 3.9111, 421.862
1556639239.238238757, -162.662, 3.92096, 421.959
1556639239.339260929, -162.755, 3.93178, 422.055
1556639239.440373357, -162.872, 3.93778, 422.144
1556639239.538663489, -162.974, 3.93556, 422.253
1556639239.653530627, -163.085, 3.94321, 422.339
1556639239.748967951, -163.207, 3.94032, 422.461
1556639239.850198025, -163.31, 3.94763, 422.548
1556639239.959302864, -163.39, 3.97123, 422.675
1556639240.059382957, -163.492, 3.97881, 422.763
1556639240.165957441, -163.589, 3.97987, 422.906
1556639240.292703441, -163.735, 3.98788, 423.101
1556639240.367772061, -163.854, 3.99807, 423.228
1556639240.505227006, -163.998, 3.9971, 423.378
1556639240.586271745, -164.172, 4.0017, 423.609
1556639240.692969112, -164.334, 4.00537, 423.76
1556639240.794765344, -164.517, 3.99725, 423.971
1556639240.914478187, -164.695, 3.99623, 424.145
1556639240.996387122, -164.881, 4.02287, 424.402
1556639241.097341970, -165.054, 4.02653, 424.587
1556639241.197200723, -165.223, 4.03716, 424.85
1556639241.306762757, -165.389, 4.04388, 425.044
1556639241.407227409, -165.549, 4.05929, 425.346
1556639241.507170046, -165.707, 4.06564, 425.548
1556639241.644668233, -165.867, 4.07663, 425.937
1556639241.736136954, -166.025, 4.07561, 426.226
1556639241.821641230, -166.192, 4.07554, 426.643
1556639241.942235713, -166.351, 4.08628, 426.956
1556639242.033042997, -166.526, 4.09577, 427.344
1556639242.153319225, -166.672, 4.10672, 427.673
1556639242.259319106, -166.826, 4.12842, 428.11
1556639242.339006976, -166.961, 4.13609, 428.489
1556639242.447313356, -167.082, 4.1454, 428.948
1556639242.574555879, -167.207, 4.15592, 429.37
1556639242.649555215, -167.327, 4.17075, 429.859
1556639242.758788166, -167.434, 4.18181, 430.287
1556639242.884463832, -167.551, 4.19666, 430.843
1556639242.964407422, -167.665, 4.20891, 431.32
1556639243.088767419, -167.794, 4.22039, 431.945
1556639243.186898728, -167.911, 4.2347, 432.503
1556639243.283593814, -168.019, 4.24899, 433.15
1556639243.379455351, -168.114, 4.26604, 433.74
1556639243.484243407, -168.177, 4.28509, 434.356
1556639243.603634020, -168.222, 4.30361, 434.991
1556639243.706730682, -168.286, 4.31979, 435.61
1556639243.826248390, -168.35, 4.33912, 436.258
1556639243.898805513, -168.396, 4.35739, 436.957
1556639244.001100637, -168.449, 4.37592, 437.61
1556639244.137394591, -168.465, 4.39561, 438.353
1556639244.206383874, -168.508, 4.41004, 439.05
1556639244.345449618, -168.539, 4.42364, 439.867
1556639244.416493672, -168.581, 4.4366, 440.606
1556639244.549100469, -168.631, 4.44891, 441.447
1556639244.618900709, -168.681, 4.46149, 442.237
1556639244.730579052, -168.728, 4.47582, 443.066
1556639244.831699884, -168.774, 4.49116, 443.856
1556639244.959302856, -168.813, 4.52175, 444.713
1556639245.039647855, -168.852, 4.5415, 445.552
1556639245.139199221, -168.882, 4.57137, 446.447
1556639245.267618088, -168.93, 4.60182, 447.333
1556639245.351186798, -168.967, 4.62667, 448.209
1556639245.452717442, -168.995, 4.66176, 449.084
1556639245.552875602, -169.029, 4.68956, 449.96
1556639245.690689135, -169.07, 4.72513, 450.911
1556639245.765399856, -169.103, 4.75215, 451.834
1556639245.880080940, -169.138, 4.7829, 452.773
1556639245.974982507, -169.165, 4.81581, 453.726
1556639246.075163333, -169.201, 4.84119, 454.669
1556639246.174995895, -169.244, 4.87154, 455.623
1556639246.284811355, -169.277, 4.89643, 456.568
1556639246.385368002, -169.324, 4.93835, 457.561
1556639246.512967852, -169.359, 4.96705, 458.561
1556639246.606671214, -169.395, 5.00194, 459.632
1556639246.723484667, -169.424, 5.03143, 460.669
1556639246.798829831, -169.454, 5.0715, 461.741
1556639246.909154279, -169.484, 5.10416, 462.779
1556639247.036627579, -169.509, 5.13814, 463.862
1556639247.124090221, -169.541, 5.17236, 464.927
1556639247.222779575, -169.581, 5.21579, 466.007
1556639247.323003265, -169.619, 5.24712, 467.071
1556639247.424257228, -169.655, 5.29535, 468.126
1556639247.543145921, -169.698, 5.33296, 469.188
1556639247.663744270, -169.761, 5.38565, 470.298
1556639247.754536375, -169.831, 5.43224, 471.416
1556639247.850026687, -169.947, 5.48241, 472.546
1556639247.949018608, -170.065, 5.52695, 473.66
1556639248.058483271, -170.241, 5.5551, 474.725
1556639248.155531195, -170.405, 5.59425, 475.858
1556639248.262121701, -170.632, 5.64965, 476.934
1556639248.370038353, -170.841, 5.68979, 478.067
1556639248.465617974, -171.128, 5.7473, 479.087
1556639248.573618877, -171.384, 5.79377, 480.192
1556639248.676094353, -171.721, 5.82233, 481.168
1556639248.776566148, -172.031, 5.86585, 482.248
1556639248.883941781, -172.387, 5.92901, 483.237
1556639248.991782366, -172.749, 5.98427, 484.288
1556639249.087863169, -173.184, 6.06964, 485.277
1556639249.205466242, -173.613, 6.13657, 486.291
1556639249.329516469, -174.179, 6.23576, 487.293
1556639249.401329607, -174.713, 6.32176, 488.286
1556639249.508577799, -175.304, 6.4119, 489.275
1556639249.609654288, -175.891, 6.50919, 490.241
1556639249.717693627, -176.492, 6.59778, 491.2
1556639249.820749006, -177.127, 6.6941, 492.141
1556639249.919864838, -177.739, 6.78345, 493.071
1556639250.037772149, -178.41, 6.88702, 493.997
1556639250.139708600, -179.103, 6.9759, 494.91
1556639250.232069472, -179.818, 7.07879, 495.823
1556639250.339327292, -180.534, 7.15909, 496.738
1556639250.447924295, -181.249, 7.25288, 497.627
1556639250.550970246, -181.97, 7.345, 498.498
1556639250.650322363, -182.611, 7.45632, 499.37
1556639250.748439047, -183.301, 7.54536, 500.267
1556639250.860551408, -184.011, 7.6409, 501.139
1556639250.959562301, -184.743, 7.74573, 502.05
1556639251.061256084, -185.457, 7.84628, 502.919
1556639251.161831581, -186.179, 7.94734, 503.781
1556639251.295968086, -186.966, 8.05813, 504.744
1556639251.372377682, -187.76, 8.13282, 505.759
1556639251.473994472, -188.479, 8.22609, 506.647
1556639251.574945805, -189.278, 8.34695, 507.625
1556639251.677980067, -189.996, 8.44587, 508.513
1556639251.787666710, -190.831, 8.56435, 509.514
1556639251.917204591, -191.58, 8.6671, 510.438
1556639252.022299798, -192.491, 8.79568, 511.537
1556639252.122889006, -193.297, 8.90679, 512.51
1556639252.213635892, -194.111, 9.01554, 513.482
1556639252.311261889, -195, 9.13995, 514.518
1556639252.405956481, -195.826, 9.25832, 515.495
1556639252.533679201, -196.642, 9.37034, 516.473
1556639252.628791750, -197.5, 9.49122, 517.491
1556639252.738681131, -198.34, 9.60389, 518.474
1556639252.822924112, -199.227, 9.72376, 519.493
1556639252.935405603, -200.074, 9.83007, 520.479
1556639253.028970417, -200.972, 9.94488, 521.503
1556639253.128354526, -201.822, 10.0529, 522.486
1556639253.238154870, -202.726, 10.1713, 523.503
1556639253.337981799, -203.579, 10.2814, 524.481
1556639253.461829166, -204.556, 10.4159, 525.551
1556639253.551501736, -205.47, 10.5366, 526.576
1556639253.663390993, -206.486, 10.6784, 527.684
1556639253.763610553, -207.454, 10.8101, 528.753
1556639253.860683507, -208.463, 10.9425, 529.829
1556639253.964631564, -209.438, 11.0859, 530.901
1556639254.070714841, -210.383, 11.2067, 531.913
1556639254.158613464, -211.378, 11.3512, 532.997
1556639254.275468372, -212.327, 11.4583, 533.991
1556639254.386950744, -213.33, 11.5849, 535.064
1556639254.510358933, -214.291, 11.6762, 536.059
1556639254.603381059, -215.304, 11.7999, 537.137
1556639254.692709151, -216.303, 11.9136, 538.159
1556639254.814021599, -217.33, 12.0392, 539.214
1556639254.910683878, -218.369, 12.1657, 540.308
1556639254.995014237, -219.399, 12.2925, 541.395
1556639255.116512283, -220.426, 12.4259, 542.473
1556639255.202611575, -221.468, 12.5495, 543.56
1556639255.303878028, -222.519, 12.668, 544.63
1556639255.403805793, -223.556, 12.7992, 545.701
1556639255.544556055, -224.602, 12.9215, 546.786
1556639255.620281041, -225.656, 13.0456, 547.875
1556639255.730198291, -226.708, 13.1899, 548.962
1556639255.823813656, -227.746, 13.3142, 550.027
1556639255.938424087, -228.797, 13.4397, 551.102
1556639256.034081255, -229.839, 13.5672, 552.174
1556639256.143038640, -230.863, 13.7138, 553.258
1556639256.241253972, -231.892, 13.8436, 554.327
1556639256.340889230, -232.942, 13.9747, 555.439
1556639256.460043609, -233.967, 14.0984, 556.52
1556639256.559053596, -235.01, 14.2343, 557.649
1556639256.670475845, -236.025, 14.3545, 558.722
1556639256.753923257, -237.073, 14.4888, 559.843
1556639256.863852121, -238.083, 14.6088, 560.916
1556639256.963635708, -239.128, 14.7423, 562.029
1556639257.089441105, -240.154, 14.8705, 563.134
1556639257.178986335, -241.207, 15.0129, 564.277
1556639257.284831530, -242.222, 15.1302, 565.368
1556639257.385086815, -243.24, 15.2443, 566.459
1556639257.489437327, -244.25, 15.3561, 567.565
1556639257.589826145, -245.292, 15.4909, 568.66
1556639257.714738638, -246.303, 15.6085, 569.773
1556639257.804918374, -247.361, 15.755, 570.868
1556639257.907951339, -248.37, 15.868, 571.98
1556639258.010418353, -249.367, 15.9853, 573.052
1556639258.135434354, -250.395, 16.1344, 574.159
1556639258.214713413, -251.408, 16.2587, 575.28
1556639258.333435483, -252.417, 16.3801, 576.403
1556639258.427738210, -253.432, 16.4976, 577.468
1556639258.541842317, -254.46, 16.6241, 578.529
1556639258.632446376, -255.469, 16.7421, 579.616
1556639258.745258152, -256.482, 16.8621, 580.712
1556639258.835470514, -257.486, 16.9782, 581.8
1556639258.962087203, -258.483, 17.1264, 582.922
1556639259.042973375, -259.497, 17.2553, 584.032
1556639259.168143099, -260.52, 17.3842, 585.154
1556639259.258148507, -261.476, 17.5029, 586.229
1556639259.347369920, -262.484, 17.6289, 587.348
1556639259.462589095, -263.398, 17.7356, 588.344
1556639259.562025780, -264.406, 17.8548, 589.448
1556639259.681332599, -265.293, 17.9556, 590.427
1556639259.787302308, -266.281, 18.0674, 591.505
1556639259.877584535, -267.157, 18.1762, 592.475
1556639259.982692522, -268.131, 18.288, 593.525
1556639260.093744653, -268.989, 18.4008, 594.472
1556639260.210319129, -269.925, 18.5066, 595.479
1556639260.290789740, -270.727, 18.5975, 596.369
1556639260.417655754, -271.623, 18.6965, 597.342
1556639260.513421895, -272.391, 18.7912, 598.172
1556639260.619509074, -273.232, 18.8924, 599.086
1556639260.711410756, -273.978, 18.9904, 599.887
1556639260.829232870, -274.778, 19.0858, 600.766
1556639260.909582678, -275.457, 19.1693, 601.531
1556639261.037058465, -276.138, 19.247, 602.269
1556639261.139090505, -276.867, 19.3298, 603.079
1556639261.248764721, -277.564, 19.403, 603.863
1556639261.350310609, -278.159, 19.4771, 604.504
1556639261.455785651, -278.8, 19.5388, 605.218
1556639261.557381927, -279.306, 19.5987, 605.773
1556639261.665019566, -279.885, 19.6647, 606.424
1556639261.767153509, -280.339, 19.7236, 606.964
1556639261.863233590, -280.851, 19.7832, 607.565
1556639261.978487631, -281.241, 19.8368, 608.036
1556639262.063489954, -281.713, 19.8896, 608.569
1556639262.185420194, -282.113, 19.9379, 608.964
1556639262.257015033, -282.592, 19.99, 609.436
1556639262.393375767, -283.034, 20.0292, 609.754
1556639262.470042602, -283.517, 20.0803, 610.151
1556639262.589906979, -283.969, 20.117, 610.41
1556639262.677156117, -284.468, 20.1635, 610.743
1556639262.795776924, -284.959, 20.1904, 610.961
1556639262.893819001, -285.472, 20.2296, 611.213
1556639262.995249410, -285.978, 20.2572, 611.363
1556639263.101729752, -286.502, 20.2956, 611.544
1556639263.210306355, -286.99, 20.3324, 611.618
1556639263.313800731, -287.518, 20.3604, 611.704
1556639263.428025839, -288.02, 20.3844, 611.681
1556639263.515302332, -288.54, 20.4254, 611.676
1556639263.620609178, -289.047, 20.4735, 611.613
1556639263.728908808, -289.556, 20.5093, 611.544
1556639263.823457364, -290.046, 20.5437, 611.435
1556639263.923253275, -290.542, 20.5776, 611.297
1556639264.035546442, -291.027, 20.598, 611.12
1556639264.136402749, -291.494, 20.6286, 610.92
1556639264.235277003, -291.952, 20.669, 610.668
1556639264.355043730, -292.411, 20.7056, 610.4
1556639264.438473949, -292.878, 20.7355, 610.084
1556639264.568849206, -293.312, 20.7731, 609.74
1556639264.653403567, -293.764, 20.8139, 609.35
1556639264.753455317, -294.152, 20.8478, 608.955
1556639264.863067321, -294.543, 20.8899, 608.52
1556639264.964368462, -294.873, 20.9241, 608.071
1556639265.062868503, -295.229, 20.97, 607.555
1556639265.199217153, -295.531, 21.0174, 607.022
1556639265.273824105, -295.886, 21.0675, 606.375
1556639265.373898039, -296.121, 21.1125, 605.808
1556639265.484338334, -296.392, 21.1698, 605.161
1556639265.583860966, -296.571, 21.2116, 604.568
1556639265.711474496, -296.84, 21.2694, 603.837
1556639265.815352944, -297.018, 21.3247, 603.153
1556639265.910080197, -297.321, 21.3936, 602.361
1556639265.998904839, -297.491, 21.4438, 601.662
1556639266.125043604, -297.733, 21.498, 600.89
1556639266.204387127, -297.887, 21.5379, 600.144
1556639266.317542122, -298.097, 21.5807, 599.334
1556639266.431555667, -298.252, 21.6198, 598.54
1556639266.521966377, -298.436, 21.671, 597.734
1556639266.634580498, -298.565, 21.7044, 596.926
1556639266.718518527, -298.7, 21.7333, 596.12
1556639266.834510400, -298.803, 21.7541, 595.305
1556639266.928078228, -298.869, 21.7855, 594.491
1556639267.034772058, -298.931, 21.7952, 593.661
1556639267.139501002, -298.914, 21.813, 592.826
1556639267.239097990, -298.929, 21.8224, 591.995
1556639267.346893285, -298.839, 21.8347, 591.149
1556639267.445893890, -298.804, 21.8384, 590.308
1556639267.547205943, -298.684, 21.8409, 589.47
1556639267.655915415, -298.613, 21.8378, 588.632
1556639267.756269794, -298.522, 21.8453, 587.745
1556639267.855905312, -298.431, 21.8353, 586.909
1556639267.965431065, -298.371, 21.8256, 586.004
1556639268.065763130, -298.275, 21.8064, 585.169
1556639268.172570191, -298.26, 21.7757, 584.214
1556639268.270580980, -298.168, 21.7559, 583.371
1556639268.397569671, -298.145, 21.7735, 582.366
1556639268.481680369, -298.073, 21.7774, 581.481
1556639268.592090613, -298.044, 21.8143, 580.437
1556639268.688622183, -297.998, 21.8249, 579.54
1556639268.795884274, -297.978, 21.8171, 578.513
1556639268.893878721, -297.94, 21.828, 577.596
1556639269.027331031, -297.901, 21.8552, 576.526
1556639269.129685283, -297.853, 21.874, 575.535
1556639269.207511240, -297.809, 21.8881, 574.423
1556639269.304791251, -297.763, 21.9046, 573.42
1556639269.414254783, -297.726, 21.917, 572.334
1556639269.520074150, -297.687, 21.9288, 571.325
1556639269.629165864, -297.664, 21.9263, 570.261
1556639269.725918675, -297.629, 21.935, 569.241
1556639269.831212460, -297.621, 21.9401, 568.266
1556639269.927978207, -297.596, 21.9497, 567.254
1556639270.038518031, -297.598, 21.951, 566.249
1556639270.144066906, -297.584, 21.9595, 565.22
1556639270.254586379, -297.599, 21.9759, 564.209
1556639270.348257419, -297.597, 21.9886, 563.153
1556639270.452142178, -297.606, 21.9785, 562.154
1556639270.559493912, -297.606, 21.9874, 561.107
1556639270.688524055, -297.625, 22.0178, 560.199
1556639270.766599079, -297.629, 22.0306, 559.161
1556639270.872426148, -297.641, 22.018, 558.243
1556639270.996434277, -297.635, 22.0265, 557.248
1556639271.083998482, -297.634, 22.0383, 556.429
1556639271.188216848, -297.633, 22.0504, 555.448
1556639271.281297042, -297.618, 22.0549, 554.591
1556639271.388004499, -297.626, 22.0668, 553.617
1556639271.549531388, -297.639, 22.0722, 552.769
1556639271.610675081, -297.653, 22.0861, 551.796
1556639271.727292596, -297.684, 22.0802, 551.009
1556639271.834898050, -297.712, 22.0926, 550.076
1556639271.931491582, -297.728, 22.1014, 549.37
1556639272.009278619, -297.753, 22.1164, 548.483
1556639272.135958740, -297.776, 22.1204, 547.81
1556639272.250404757, -297.803, 22.1314, 546.996
1556639272.323607507, -297.823, 22.1411, 546.324
1556639272.450671976, -297.843, 22.1527, 545.552
1556639272.561654455, -297.855, 22.1484, 544.955
1556639272.659771490, -297.887, 22.1555, 544.258
1556639272.734532071, -297.914, 22.171, 543.676
1556639272.873061205, -297.944, 22.1718, 543.027
1556639272.978525121, -297.959, 22.1755, 542.542
1556639273.076184524, -297.975, 22.1823, 541.976
1556639273.179037244, -297.991, 22.1844, 541.541
1556639273.296348482, -298.012, 22.1878, 541.054
1556639273.381204849, -298.035, 22.1838, 540.668
1556639273.481623041, -298.062, 22.1838, 540.233
1556639273.592876316, -298.078, 22.1926, 539.89
1556639273.692852681, -298.081, 22.199, 539.513
1556639273.798304879, -298.088, 22.2064, 539.219
1556639273.907359528, -298.096, 22.2115, 538.871
1556639274.017600375, -298.11, 22.2176, 538.624
1556639274.111044876, -298.118, 22.2206, 538.35
1556639274.199683530, -298.143, 22.2212, 538.184
1556639274.290110652, -298.148, 22.225, 537.933
1556639274.419012483, -298.16, 22.2296, 537.756
1556639274.499060769, -298.167, 22.2305, 537.526
1556639274.606997760, -298.181, 22.2224, 537.356
1556639274.708344626, -298.188, 22.2254, 537.126
1556639274.808743370, -298.199, 22.2288, 536.929
1556639274.918062447, -298.206, 22.2323, 536.701
1556639275.018444385, -298.213, 22.2342, 536.517
1556639275.118823045, -298.221, 22.2376, 536.291
1556639275.229118728, -298.238, 22.2359, 536.11
1556639275.328601387, -298.245, 22.2401, 535.885
1556639275.431130627, -298.253, 22.2413, 535.697
1556639275.540500181, -298.26, 22.2454, 535.473
1556639275.640576204, -298.267, 22.247, 535.296
1556639275.740640960, -298.276, 22.2508, 535.074
1556639275.856721281, -298.287, 22.2524, 534.918
1556639275.955819467, -298.294, 22.2569, 534.706
1556639276.063141386, -298.304, 22.257, 534.577
1556639276.175801023, -298.311, 22.2605, 534.393
1556639276.261103670, -298.321, 22.2617, 534.282
1556639276.370816298, -298.327, 22.2646, 534.104
1556639276.470075578, -298.343, 22.2658, 533.992
1556639276.577476116, -298.347, 22.2689, 533.825
1556639276.681640506, -298.348, 22.258, 533.72
1556639276.781681004, -298.352, 22.2612, 533.553
1556639276.891805389, -298.351, 22.2686, 533.441
1556639276.991578290, -298.355, 22.2714, 533.276
1556639277.092678849, -298.381, 22.2643, 533.156
1556639277.201921889, -298.385, 22.2662, 532.994
1556639277.302316784, -298.396, 22.2693, 532.891
1556639277.408386510, -298.4, 22.2722, 532.738
1556639277.512712774, -298.405, 22.2757, 532.655
1556639277.612610234, -298.409, 22.2789, 532.501
1556639277.723054658, -298.413, 22.2767, 532.377
1556639277.818786139, -298.413, 22.2813, 532.21
1556639277.949616260, -298.425, 22.2713, 532.002
1556639278.041015931, -298.429, 22.2748, 531.775
1556639278.154076312, -298.452, 22.2722, 531.496
1556639278.253537971, -298.459, 22.2763, 531.207
1556639278.359324761, -298.488, 22.2794, 530.866
1556639278.464810420, -298.503, 22.2826, 530.512
1556639278.557958971, -298.547, 22.2806, 530.126
1556639278.654571321, -298.576, 22.2867, 529.737
1556639278.762983291, -298.638, 22.2909, 529.333
1556639278.879662318, -298.676, 22.3018, 528.883
1556639278.967639261, -298.744, 22.3135, 528.421
1556639279.070752681, -298.807, 22.3236, 527.936
1556639279.166309435, -298.895, 22.3304, 527.454
1556639279.293794233, -298.97, 22.3372, 526.917
1556639279.381207203, -299.069, 22.3455, 526.354
1556639279.476960296, -299.162, 22.3566, 525.787
1556639279.601251051, -299.293, 22.3618, 525.199
1556639279.687943183, -299.414, 22.3656, 524.584
1556639279.788121569, -299.576, 22.3715, 523.983
1556639279.906747238, -299.718, 22.3729, 523.34
1556639279.998106248, -299.855, 22.3695, 522.701
1556639280.104983988, -300.004, 22.3649, 522.033
1556639280.206616904, -300.149, 22.3532, 521.357
1556639280.333389910, -300.299, 22.3518, 520.629
1556639280.414487903, -300.436, 22.3574, 519.89
1556639280.520447766, -300.605, 22.3584, 519.145
1556639280.621625431, -300.791, 22.3973, 518.354
1556639280.748989096, -300.957, 22.4035, 517.559
1556639280.829901916, -301.106, 22.3919, 516.787
1556639280.948931180, -301.289, 22.4136, 515.96
1556639281.039267173, -301.466, 22.4347, 515.149
1556639281.148444334, -301.655, 22.4514, 514.318
1556639281.260861515, -301.858, 22.4523, 513.477
1556639281.362253504, -302.058, 22.4652, 512.592
1556639281.447205026, -302.253, 22.4647, 511.684
1556639281.553508476, -302.46, 22.4775, 510.79
1556639281.655340640, -302.668, 22.4677, 509.899
1556639281.755150410, -302.879, 22.4773, 508.985
1556639281.854688823, -303.083, 22.4683, 508.094
1556639281.981911898, -303.312, 22.4768, 507.166
1556639282.071832671, -303.581, 22.497, 506.126
1556639282.176119735, -303.824, 22.5112, 505.179
1556639282.276158362, -304.062, 22.5285, 504.368
1556639282.381565398, -304.314, 22.5549, 503.414
1556639282.485998660, -304.557, 22.581, 502.578
1556639282.585199475, -304.803, 22.6096, 501.619
1556639282.692162429, -305.011, 22.6017, 500.799
1556639282.791510011, -305.254, 22.634, 499.839
1556639282.901697116, -305.448, 22.639, 498.998
1556639283.002479622, -305.689, 22.6723, 498.038
1556639283.101083755, -305.878, 22.6838, 497.201
1556639283.218471717, -306.119, 22.7187, 496.245
1556639283.314604737, -306.31, 22.7134, 495.385
1556639283.420950048, -306.56, 22.7544, 494.431
1556639283.546760807, -306.744, 22.7486, 493.565
1556639283.627403081, -306.976, 22.7873, 492.618
1556639283.757038417, -307.131, 22.7909, 491.727
1556639283.845957946, -307.352, 22.8322, 490.772
1556639283.948931976, -307.536, 22.8273, 489.839
1556639284.046260747, -307.757, 22.8627, 488.865
1556639284.149694554, -307.959, 22.8497, 487.919
1556639284.257943756, -308.174, 22.8791, 486.927
1556639284.353844554, -308.382, 22.8855, 485.987
1556639284.462728092, -308.602, 22.9141, 484.991
1556639284.565884423, -308.827, 22.9223, 484.053
1556639284.667378976, -309.051, 22.9518, 483.063
1556639284.767310414, -309.272, 22.9691, 482.164
1556639284.868022609, -309.501, 23.0049, 481.174
1556639284.985846912, -309.743, 23.0222, 480.25
1556639285.084313971, -309.981, 23.0589, 479.243
1556639285.180663315, -310.215, 23.0597, 478.343
1556639285.281357068, -310.457, 23.0905, 477.339
1556639285.389908385, -310.671, 23.1134, 476.463
1556639285.529264507, -310.914, 23.1423, 475.489
1556639285.595607153, -311.136, 23.1602, 474.68
1556639285.703444644, -311.382, 23.1934, 473.715
1556639285.799058483, -311.619, 23.2176, 472.873
1556639285.909072048, -311.87, 23.2531, 471.914
1556639286.026056201, -312.105, 23.2564, 471.069
1556639286.122757919, -312.355, 23.286, 470.13
1556639286.217616954, -312.576, 23.2841, 469.317
1556639286.337006470, -312.825, 23.3124, 468.381
1556639286.428511314, -313.03, 23.3319, 467.563
1556639286.534967200, -313.267, 23.3657, 466.643
1556639286.644267096, -313.442, 23.3742, 465.814
1556639286.733037732, -313.668, 23.4045, 464.891
1556639286.850340237, -313.847, 23.4269, 464.1
1556639286.976073095, -314.061, 23.4518, 463.233
1556639287.049824859, -314.258, 23.4736, 462.435
1556639287.149388445, -314.468, 23.5071, 461.569
1556639287.274941978, -314.657, 23.5531, 460.861
1556639287.389039258, -314.857, 23.5993, 460.032
1556639287.490991709, -314.995, 23.6491, 459.38
1556639287.569499847, -315.177, 23.6953, 458.584
1556639287.695436255, -315.288, 23.7025, 458.002
1556639287.799436770, -315.445, 23.7393, 457.295
1556639287.872343994, -315.554, 23.762, 456.774
1556639287.981905536, -315.711, 23.8087, 456.068
1556639288.107483464, -315.822, 23.8502, 455.58
1556639288.228308631, -315.965, 23.8967, 454.955
1556639288.317170717, -316.062, 23.9178, 454.584
1556639288.395113634, -316.201, 23.9585, 454.004
1556639288.530558582, -316.294, 23.9707, 453.606
1556639288.619602581, -316.432, 24.0041, 453.061
1556639288.716156076, -316.537, 24.0184, 452.658
1556639288.821618995, -316.667, 24.053, 452.139
1556639288.935591925, -316.756, 24.0807, 451.74
1556639289.024706180, -316.882, 24.1179, 451.242
1556639289.125354427, -316.975, 24.1477, 450.851
1556639289.251751981, -317.08, 24.1744, 450.387
1556639289.348466903, -317.126, 24.1753, 450.053
1556639289.446089915, -317.222, 24.2001, 449.613
1556639289.547670802, -317.291, 24.2199, 449.254
1556639289.663382230, -317.378, 24.2439, 448.847
1556639289.749358921, -317.444, 24.2632, 448.516
1556639289.856297906, -317.526, 24.2874, 448.122
1556639289.957532926, -317.602, 24.303, 447.795
1556639290.057430838, -317.682, 24.3287, 447.411
1556639290.185945881, -317.743, 24.3508, 447.127
1556639290.272593509, -317.809, 24.3745, 446.779
1556639290.380482035, -317.866, 24.3869, 446.526
1556639290.497343914, -317.928, 24.4061, 446.228
1556639290.581030216, -317.989, 24.416, 445.998
1556639290.687476070, -318.053, 24.4343, 445.721
1556639290.790300524, -318.141, 24.4503, 445.475
1556639290.909555163, -318.2, 24.4668, 445.231
1556639291.003885475, -318.26, 24.4818, 445.042
1556639291.126408885, -318.311, 24.498, 444.828
1556639291.213652619, -318.354, 24.5145, 444.663
1556639291.302869967, -318.401, 24.5316, 444.464
1556639291.423261298, -318.442, 24.5476, 444.322
1556639291.512867332, -318.487, 24.5608, 444.148
1556639291.633370714, -318.527, 24.5698, 444.033
1556639291.717603204, -318.562, 24.581, 443.884
1556639291.832596496, -318.588, 24.5815, 443.773
1556639291.928201884, -318.618, 24.5911, 443.643
1556639292.036471859, -318.648, 24.5997, 443.544
1556639292.151548347, -318.677, 24.6083, 443.428
1556639292.246597423, -318.699, 24.6136, 443.346
1556639292.345821248, -318.725, 24.6221, 443.242
1556639292.451887771, -318.749, 24.63, 443.164
1556639292.540547911, -318.772, 24.6368, 443.066
1556639292.651705393, -318.796, 24.6374, 442.987
1556639292.759350140, -318.82, 24.6445, 442.902
1556639292.860379005, -318.83, 24.6498, 442.855
1556639292.959855834, -318.85, 24.6559, 442.778
1556639293.060939732, -318.867, 24.6615, 442.733
1556639293.169486872, -318.887, 24.6676, 442.657
1556639293.277076465, -318.895, 24.6685, 442.621
1556639293.403814192, -318.91, 24.6732, 442.564
1556639293.482136708, -318.912, 24.6746, 442.54
1556639293.591476581, -318.926, 24.6791, 442.484
1556639293.697551175, -318.93, 24.681, 442.461
1556639293.798244699, -318.939, 24.6834, 442.419
1556639293.896349813, -318.942, 24.6853, 442.406
1556639293.996890620, -318.948, 24.6873, 442.369
1556639294.096943856, -318.951, 24.6902, 442.361
1556639294.206449125, -318.957, 24.6928, 442.328
1556639294.306525719, -318.96, 24.694, 442.328
1556639294.422066830, -318.967, 24.6969, 442.303
1556639294.516714599, -318.971, 24.6972, 442.314
1556639294.616046594, -318.977, 24.7, 442.29
1556639294.726830509, -318.98, 24.6985, 442.291
1556639294.831420514, -318.987, 24.7011, 442.267
1556639294.926176291, -318.99, 24.7009, 442.257
1556639295.036576056, -318.998, 24.7035, 442.233
1556639295.138101130, -319.002, 24.7044, 442.212
1556639295.238291174, -319.01, 24.7069, 442.188
1556639295.347210756, -319.016, 24.7101, 442.156
1556639295.447284323, -319.024, 24.7126, 442.131
1556639295.579622257, -319.038, 24.7165, 442.079
1556639295.662009350, -319.046, 24.719, 442.052
1556639295.761784458, -319.062, 24.7247, 441.989
1556639295.872279177, -319.074, 24.727, 441.954
1556639295.967218904, -319.099, 24.735, 441.866
1556639296.076428994, -319.111, 24.7378, 441.823
1556639296.176498718, -319.13, 24.7463, 441.734
1556639296.281933998, -319.143, 24.7508, 441.68
1556639296.385654577, -319.164, 24.7594, 441.573
1556639296.485876498, -319.178, 24.7638, 441.517
1556639296.587004355, -319.211, 24.7743, 441.403
1556639296.702381850, -319.228, 24.7806, 441.332
1556639296.796379136, -319.262, 24.793, 441.191
1556639296.896028415, -319.279, 24.7993, 441.118
1556639297.006773516, -319.319, 24.8115, 440.987
1556639297.106530307, -319.338, 24.8178, 440.908
1556639297.215988982, -319.377, 24.8278, 440.769
1556639297.326810424, -319.396, 24.8341, 440.689
1556639297.416255435, -319.433, 24.8453, 440.548
1556639297.525917118, -319.452, 24.8517, 440.467
1556639297.626113083, -319.487, 24.8607, 440.312
1556639297.726335180, -319.507, 24.8679, 440.229
1556639297.836881548, -319.544, 24.8888, 440.086
1556639297.936069083, -319.564, 24.8958, 440.002
1556639298.036074244, -319.598, 24.9067, 439.886
1556639298.146501310, -319.619, 24.9134, 439.803
1556639298.276012949, -319.647, 24.9215, 439.708
1556639298.361603141, -319.666, 24.9272, 439.633
1556639298.461724284, -319.685, 24.9358, 439.572
1556639298.566597511, -319.703, 24.9398, 439.511
1556639298.666885748, -319.714, 24.9409, 439.486
1556639298.798128277, -319.724, 24.9429, 439.449
1556639298.871574898, -319.734, 24.9449, 439.413
1556639298.984220333, -319.728, 24.9452, 439.432
1556639299.078152792, -319.719, 24.9434, 439.464
1556639299.178497019, -319.723, 24.9445, 439.45
1556639299.287535155, -319.714, 24.9433, 439.483
1556639299.387525102, -319.719, 24.9446, 439.47
1556639299.487531322, -319.717, 24.9467, 439.488
1556639299.597378302, -319.721, 24.948, 439.476
1556639299.697033636, -319.717, 24.9432, 439.492
1556639299.805376614, -319.721, 24.9444, 439.482
1556639299.907352125, -319.717, 24.9442, 439.494
1556639300.007452912, -319.721, 24.9453, 439.484
1556639300.143910247, -319.713, 24.9442, 439.5
1556639300.215447409, -319.715, 24.9449, 439.493
1556639300.325250926, -319.711, 24.9427, 439.505
1556639300.425372227, -319.714, 24.9436, 439.499
1556639300.525172662, -319.71, 24.943, 439.507
1556639300.634886124, -319.712, 24.9437, 439.502
1556639300.735279392, -319.713, 24.9419, 439.51
scan time: 193
[0m[ INFO] [1556639173.408165199]: Set scanPeriod: 0.1[0m
[0m[ INFO] [1556639173.434109895]: Set  HDL-64E  scan mapper.[0m
scan time: 194
[0m[ INFO] [1556639173.418407045]: Set scanPeriod: 0.1[0m
odometry time: 194
[0m[ INFO] [1556639173.424775761]: Set scanPeriod: 0.1[0m
mapping time: 194
... logging to /home/justin/.ros/log/14d80a9e-6b5f-11e9-814a-9cb6d0b9893f/roslaunch-justin-xps-21045.log
Checking log directory for disk usage. This may take awhile.
Press Ctrl-C to interrupt
Done checking log file disk usage. Usage is <1GB.
]2;/home/justin/catkin_ws/src/loam_velodyne/launch/loam_velodyne.launch
[1mstarted roslaunch server http://justin-xps:35183/[0m

SUMMARY
========

PARAMETERS
 * /laserMapping/scanPeriod: 0.1
 * /laserOdometry/scanPeriod: 0.1
 * /multiScanRegistration/lidar: HDL-64E
 * /multiScanRegistration/scanPeriod: 0.1
 * /rosdistro: kinetic
 * /rosversion: 1.12.14

NODES
  /
    laserMapping (loam_velodyne/laserMapping)
    laserOdometry (loam_velodyne/laserOdometry)
    multiScanRegistration (loam_velodyne/multiScanRegistration)
    player (rosbag/play)
    rviz (rviz/rviz)
    transformMaintenance (loam_velodyne/transformMaintenance)

auto-starting new master
[1mprocess[master]: started with pid [21055][0m
[1mROS_MASTER_URI=http://localhost:11311[0m
]2;/home/justin/catkin_ws/src/loam_velodyne/launch/loam_velodyne.launch http://localhost:11311
[1msetting /run_id to 14d80a9e-6b5f-11e9-814a-9cb6d0b9893f[0m
[1mprocess[rosout-1]: started with pid [21068][0m
started core service [/rosout]
[1mprocess[multiScanRegistration-2]: started with pid [21081][0m
[1mprocess[laserOdometry-3]: started with pid [21086][0m
[1mprocess[laserMapping-4]: started with pid [21087][0m
[1mprocess[transformMaintenance-5]: started with pid [21088][0m
[1mprocess[rviz-6]: started with pid [21089][0m
[1mprocess[player-7]: started with pid [21090][0m
[1m[player-7] process has finished cleanly
log file: /home/justin/.ros/log/14d80a9e-6b5f-11e9-814a-9cb6d0b9893f/player-7*.log[0m
[1m[rviz-6] process has finished cleanly
log file: /home/justin/.ros/log/14d80a9e-6b5f-11e9-814a-9cb6d0b9893f/rviz-6*.log[0m
[transformMaintenance-5] killing on exit
[laserMapping-4] killing on exit
[laserOdometry-3] killing on exit
[multiScanRegistration-2] killing on exit
[rosout-1] killing on exit
[master] killing on exit
shutting down processing monitor...
... shutting down processing monitor complete
[1mdone[0m
